Stock,vol_norm_mean,del_norm_mean,trd_norm_mean,max_dQty,2time_20day,3time_20day,2time_3day
20MICRONS,94131.0,44704.0,1829.0,106388.0,0,0,0
21STCENMGM,4105.0,2916.0,50.0,6401.0,0,0,0
3IINFOLTD,265636.0,167823.0,3374.0,318715.0,0,0,0
3MINDIA,3731.0,1864.0,1526.0,53144.0,0,0,0
3PLAND,3309.0,3189.0,30.0,18698.0,0,0,0
5PAISA,12133.0,7007.0,582.0,45041.0,0,0,0
63MOONS,43609.0,25452.0,1245.0,109918.0,0,0,0
A2ZINFRA,227028.0,159140.0,463.0,417733.0,0,0,0
AAATECH,6857.0,5142.0,2.0,234000.0,0,0,0
AAKASH,502814.0,276323.0,835.0,521599.0,0,0,0
AAREYDRUGS,21887.0,11874.0,325.0,81238.0,0,0,0
AARON,3218.0,1578.0,138.0,28321.0,0,0,0
AARTIDRUGS,43854.0,18615.0,3314.0,58715.0,0,0,0
AARTIIND,745235.0,318558.0,25700.0,529659.0,0,0,0
AARTISURF,3959.0,2404.0,623.0,13341.0,0,0,0
AARVEEDEN,7323.0,4890.0,100.0,16948.0,0,0,0
AARVI,5585.0,3805.0,109.0,19211.0,0,0,0
AAVAS,67964.0,33434.0,9912.0,107206.0,0,0,0
ABAN,168009.0,57551.0,2601.0,207647.0,0,0,0
ABB,144459.0,50137.0,16245.0,263149.0,0,0,0
ABBOTINDIA,12818.0,4041.0,4955.0,13587.0,0,0,0
ABCAPITAL,2039740.0,550399.0,11659.0,1026445.0,0,0,0
ABCOTS,12640.0,8833.0,3.0,24000.0,0,0,0
ABFRL,1543118.0,565207.0,18029.0,1533385.0,0,0,0
ABMINTLLTD,149.0,149.0,6.0,588.0,0,0,0
ABSLAMC,49975.0,28408.0,2919.0,314087.0,0,0,0
ABSLBANETF,2183.0,1452.0,119.0,7839.0,0,0,0
ABSLNN50ET,2024.0,1592.0,53.0,5941.0,0,0,0
ACC,277989.0,114687.0,15769.0,297103.0,0,0,0
ACCELYA,5165.0,3291.0,593.0,7811.0,0,0,0
ACCORD,3250.0,2571.0,1.0,4000.0,0,0,0
ACCURACY,55346.0,17060.0,2332.0,68831.0,0,0,0
ACE,201752.0,75097.0,5067.0,319560.0,0,0,0
ACEINTEG,9000.0,9000.0,1.0,63000.0,0,0,0
ACRYSIL,34052.0,16500.0,2900.0,145150.0,0,0,0
ADANIENT,1543663.0,325362.0,45641.0,835095.0,0,0,0
ADANIGREEN,1619699.0,533296.0,76773.0,1740008.0,0,0,0
ADANIPORTS,3136991.0,662890.0,53849.0,1700820.0,0,0,0
ADANIPOWER,10196936.0,3805999.0,98145.0,6983657.0,0,0,0
ADANITRANS,443441.0,195163.0,24900.0,372246.0,0,0,0
ADFFOODS,5524.0,3016.0,573.0,6807.0,0,0,0
ADL,828.0,828.0,22.0,3503.0,0,0,0
ADORWELD,10236.0,7062.0,711.0,48621.0,0,0,0
ADROITINFO,8895.0,8895.0,20.0,396131.0,0,0,0
ADSL,92135.0,44793.0,2464.0,260540.0,0,0,0
ADVANIHOTR,15098.0,9054.0,329.0,25526.0,0,0,0
ADVENZYMES,45522.0,23771.0,2327.0,39345.0,0,0,0
AEGISCHEM,412253.0,180081.0,9306.0,605360.0,0,0,0
AETHER,204043.0,105989.0,12923.0,215951.0,0,0,0
AFFLE,293126.0,107415.0,18713.0,304709.0,0,0,0
AGARIND,33865.0,14344.0,2498.0,35195.0,0,0,0
AGI,85392.0,43180.0,4432.0,95145.0,0,0,0
AGRITECH,4193.0,3611.0,65.0,16324.0,0,0,0
AGROPHOS,71680.0,42647.0,581.0,102690.0,0,0,0
AGSTRA,185733.0,99285.0,3917.0,253515.0,0,0,0
AHLADA,6592.0,4193.0,191.0,41300.0,0,0,0
AHLEAST,1426.0,1020.0,69.0,3924.0,0,0,0
AHLUCONT,16452.0,7251.0,1399.0,193924.0,0,0,0
AIAENG,49837.0,31784.0,8820.0,125689.0,0,0,0
AIRAN,228940.0,135062.0,1654.0,231236.0,0,0,0
AIROLAM,9866.0,5498.0,133.0,38794.0,0,0,0
AJANTPHARM,98288.0,63563.0,5854.0,261500.0,0,0,0
AJMERA,23537.0,10906.0,1161.0,146598.0,0,0,0
AJOONI,67738.0,36582.0,483.0,194686.0,0,0,0
AJRINFRA,534085.0,501462.0,431.0,1359111.0,0,0,0
AKASH,36848.0,24340.0,344.0,183566.0,0,0,0
AKG,17201.0,8803.0,209.0,300375.0,0,0,0
AKSHAR,10695.0,8369.0,95.0,233428.0,0,0,0
AKSHARCHEM,3375.0,1731.0,326.0,7614.0,0,0,0
AKSHOPTFBR,268421.0,171698.0,512.0,532019.0,0,0,0
AKZOINDIA,5568.0,3808.0,599.0,60175.0,0,0,0
ALANKIT,138775.0,90587.0,614.0,170825.0,0,0,0
ALBERTDAVD,2490.0,1746.0,202.0,4783.0,0,0,0
ALEMBICLTD,71477.0,31728.0,1937.0,313102.0,0,0,0
ALICON,6964.0,3537.0,635.0,17565.0,0,0,0
ALKALI,2229.0,2229.0,55.0,8126.0,0,0,0
ALKEM,94182.0,46097.0,6723.0,138028.0,0,0,0
ALKYLAMINE,29829.0,12414.0,6452.0,25330.0,0,0,0
ALLCARGO,304834.0,149806.0,8194.0,446781.0,0,0,0
ALLSEC,5797.0,2867.0,267.0,22563.0,0,0,0
ALMONDZ,11083.0,8185.0,254.0,17743.0,0,0,0
ALOKINDS,1365648.0,1365648.0,3385.0,3164708.0,0,0,0
ALPA,29645.0,17129.0,503.0,49703.0,0,0,0
ALPHAGEO,9732.0,4635.0,626.0,12315.0,0,0,0
ALPSINDUS,8346.0,8346.0,13.0,100015.0,0,0,0
AMARAJABAT,282566.0,87753.0,9370.0,350709.0,0,0,0
AMBANIORG,4636.0,3428.0,2.0,106000.0,0,0,0
AMBER,81670.0,25221.0,11487.0,73138.0,0,0,0
AMBICAAGAR,11653.0,8286.0,131.0,32923.0,0,0,0
AMBIKCO,19211.0,7944.0,3430.0,32674.0,0,0,0
AMBUJACEM,3631717.0,2192056.0,35456.0,3221933.0,0,0,0
AMDIND,45187.0,24034.0,614.0,175444.0,0,0,0
AMIORG,67751.0,23586.0,5306.0,181110.0,0,0,0
AMJLAND,18604.0,11122.0,180.0,61729.0,0,0,0
AMRUTANJAN,10405.0,5107.0,1970.0,20813.0,0,0,0
ANANDRATHI,21825.0,11532.0,1492.0,99379.0,0,0,0
ANANTRAJ,262682.0,105824.0,2166.0,1503888.0,0,0,0
ANDHRACEMT,177206.0,137459.0,614.0,737143.0,0,0,0
ANDHRAPAP,25346.0,13578.0,1456.0,29029.0,0,0,0
ANDHRSUGAR,155623.0,58101.0,3669.0,93701.0,0,0,0
ANDREWYU,92308.0,53199.0,536.0,135981.0,0,0,0
ANGELONE,626016.0,98879.0,24194.0,327464.0,0,0,0
ANIKINDS,31014.0,16573.0,283.0,41707.0,0,0,0
ANKITMETAL,142589.0,127613.0,438.0,300587.0,0,0,0
ANMOL,2992.0,1665.0,176.0,7000.0,0,0,0
ANSALAPI,67369.0,65990.0,134.0,206537.0,0,0,0
ANSALHSG,190978.0,114823.0,375.0,840803.0,0,0,0
ANTGRAPHIC,305350.0,305350.0,327.0,695001.0,0,0,0
ANUP,14272.0,7582.0,1935.0,12540.0,0,0,0
ANURAS,94020.0,39863.0,5256.0,450744.0,0,0,0
APARINDS,127052.0,34850.0,8880.0,462851.0,0,0,0
APCL,7097.0,4271.0,334.0,30615.0,0,0,0
APCOTEXIND,90899.0,32404.0,6123.0,80895.0,0,0,0
APEX,31764.0,16623.0,1298.0,35184.0,0,0,0
APLAPOLLO,301709.0,158990.0,16458.0,327281.0,0,0,0
APLLTD,72212.0,20305.0,3027.0,169919.0,0,0,0
APOLLO,38064.0,19674.0,1095.0,103407.0,0,0,0
APOLLOHOSP,546218.0,166128.0,45057.0,298620.0,0,0,0
APOLLOPIPE,34042.0,20022.0,2375.0,144228.0,0,0,0
APOLLOTYRE,2400507.0,650454.0,20704.0,2372109.0,0,0,0
APOLSINHOT,505.0,358.0,60.0,4241.0,0,0,0
APTECHT,160531.0,41675.0,6362.0,126784.0,0,0,0
APTUS,261292.0,134220.0,8853.0,894289.0,0,0,0
ARCHIDPLY,38480.0,22204.0,704.0,123363.0,0,0,0
ARCHIES,10896.0,10896.0,103.0,54686.0,0,0,0
ARENTERP,1880.0,1083.0,59.0,8135.0,0,0,0
ARIES,15449.0,7897.0,579.0,188063.0,0,0,0
ARIHANTCAP,32554.0,20956.0,487.0,143355.0,0,0,0
ARIHANTSUP,78687.0,25116.0,681.0,182432.0,0,0,0
ARMANFIN,15290.0,7943.0,1922.0,53982.0,0,0,0
AROGRANITE,13409.0,8510.0,313.0,38885.0,0,0,0
ARROWGREEN,3110.0,2433.0,154.0,61358.0,0,0,0
ARSHIYA,435538.0,302798.0,1419.0,1497690.0,0,0,0
ARSSINFRA,6082.0,6082.0,46.0,21399.0,0,0,0
ARTEMISMED,68435.0,44397.0,658.0,270216.0,0,0,0
ARTNIRMAN,1446.0,1058.0,39.0,5927.0,0,0,0
ARVEE,214.0,214.0,11.0,2038.0,0,0,0
ARVIND,573464.0,235813.0,5950.0,485625.0,0,0,0
ARVINDFASN,68823.0,36167.0,2877.0,126434.0,0,0,0
ARVSMART,19534.0,12582.0,430.0,26125.0,0,0,0
ASAHIINDIA,81135.0,31169.0,8392.0,361620.0,0,0,0
ASAHISONG,8063.0,4136.0,564.0,12084.0,0,0,0
ASAL,18898.0,18898.0,825.0,58545.0,0,0,0
ASALCBR,24688.0,13211.0,1756.0,22700.0,0,0,0
ASCOM,4500.0,4500.0,1.0,8000.0,0,0,0
ASHAPURMIN,92041.0,46560.0,2044.0,172627.0,0,0,0
ASHIANA,36202.0,21662.0,1089.0,59957.0,0,0,0
ASHIMASYN,49689.0,33082.0,196.0,228024.0,0,0,0
ASHOKA,512590.0,219583.0,5099.0,433996.0,0,0,0
ASHOKLEY,10813785.0,2439803.0,59775.0,10343336.0,0,0,0
ASIANENE,44019.0,21345.0,996.0,57840.0,0,0,0
ASIANHOTNR,5072.0,3744.0,139.0,130776.0,0,0,0
ASIANPAINT,1444957.0,656733.0,97109.0,1392929.0,0,0,0
ASIANTILES,961085.0,469697.0,4878.0,1753932.0,0,0,0
ASPINWALL,1804.0,980.0,88.0,2588.0,0,0,0
ASTEC,15654.0,6688.0,2492.0,59564.0,0,0,0
ASTERDM,208161.0,81105.0,5656.0,268127.0,0,0,0
ASTRAL,228918.0,101295.0,20400.0,240456.0,0,0,0
ASTRAMICRO,103063.0,49945.0,2297.0,212332.0,0,0,0
ASTRAZEN,4948.0,2787.0,1359.0,15253.0,0,0,0
ASTRON,11849.0,6978.0,218.0,29524.0,0,0,0
ATALREAL,28184.0,11200.0,14.0,56000.0,0,0,0
ATFL,2110.0,1348.0,226.0,11928.0,0,0,0
ATGL,341279.0,163639.0,19363.0,474374.0,0,0,0
ATLANTA,34159.0,17841.0,314.0,153284.0,0,0,0
ATUL,27556.0,13059.0,4686.0,36744.0,0,0,0
ATULAUTO,37105.0,16417.0,1546.0,29465.0,0,0,0
AUBANK,1184931.0,398315.0,39916.0,2285464.0,0,0,0
AURIONPRO,26185.0,13994.0,887.0,45066.0,0,0,0
AUROPHARMA,1485552.0,420604.0,31592.0,726789.0,0,0,0
AURUM,18939.0,18939.0,378.0,193304.0,0,0,0
AUSOMENT,1811.0,1426.0,74.0,30793.0,0,0,0
AUTOAXLES,26598.0,11444.0,3528.0,66324.0,0,0,0
AUTOBEES,16464.0,13099.0,246.0,188713.0,0,0,0
AUTOIND,16886.0,14054.0,181.0,30673.0,0,0,0
AVADHSUGAR,89945.0,24814.0,5406.0,42031.0,0,0,0
AVANTIFEED,62658.0,23852.0,3294.0,125485.0,0,0,0
AVROIND,6347.0,6347.0,65.0,58281.0,0,0,0
AVSL,3000.0,3000.0,1.0,9000.0,0,0,0
AVTNPL,67705.0,39122.0,1623.0,184230.0,0,0,0
AWHCL,43950.0,22966.0,2846.0,36223.0,0,0,0
AWL,1198910.0,1198910.0,34065.0,6004473.0,0,0,0
AXISBANK,7219037.0,3804066.0,146373.0,10924590.0,0,0,0
AXISBNKETF,785.0,473.0,39.0,11451.0,0,0,0
AXISBPSETF,14652.0,12759.0,547.0,1779848.0,0,0,0
AXISCADES,32530.0,20321.0,590.0,35309.0,0,0,0
AXISCETF,616.0,420.0,24.0,8109.0,0,0,0
AXISGOLD,56304.0,39168.0,902.0,148237.0,0,0,0
AXISHCETF,1769.0,1042.0,137.0,105780.0,0,0,0
AXISNIFTY,4494.0,3446.0,178.0,10532.0,0,0,0
AXISTECETF,1567.0,1117.0,91.0,9545.0,0,0,0
AXITA,23847.0,11305.0,655.0,43620.0,0,0,0
AYMSYNTEX,16506.0,9457.0,462.0,24950.0,0,0,0
BAFNAPH,2134.0,2134.0,35.0,17122.0,0,0,0
BAGFILMS,195296.0,171814.0,311.0,650830.0,0,0,0
BAJAJ-AUTO,544787.0,176643.0,43964.0,505056.0,0,0,0
BAJAJCON,300233.0,148705.0,6169.0,1220853.0,0,0,0
BAJAJELEC,54698.0,16864.0,5235.0,374126.0,0,0,0
BAJAJFINSV,294888.0,81740.0,48443.0,146800.0,0,0,0
BAJAJHCARE,12351.0,7518.0,1057.0,65295.0,0,0,0
BAJAJHIND,4613481.0,2006286.0,6852.0,10025881.0,0,0,0
BAJAJHLDNG,16209.0,5397.0,4637.0,42765.0,0,0,0
BAJFINANCE,1231619.0,336357.0,89211.0,671304.0,0,0,0
BALAJITELE,101815.0,74181.0,1202.0,221544.0,0,0,0
BALAMINES,37299.0,12976.0,6588.0,30601.0,0,0,0
BALAXI,1552.0,1058.0,140.0,3297.0,0,0,0
BALKRISHNA,5759.0,4001.0,97.0,13494.0,0,0,0
BALKRISIND,227599.0,85719.0,16911.0,204570.0,0,0,0
BALMLAWRIE,83121.0,44152.0,1718.0,104810.0,0,0,0
BALPHARMA,10414.0,6064.0,394.0,93956.0,0,0,0
BALRAMCHIN,2582977.0,391425.0,34369.0,1043656.0,0,0,0
BANARBEADS,2239.0,1756.0,66.0,46626.0,0,0,0
BANARISUG,742.0,350.0,231.0,1419.0,0,0,0
BANCOINDIA,96014.0,45865.0,2539.0,239840.0,0,0,0
BANDHANBNK,4515601.0,1328982.0,42284.0,3165464.0,0,0,0
BANG,22647.0,12226.0,315.0,23749.0,0,0,0
BANKA,4514.0,2628.0,123.0,36334.0,0,0,0
BANKBARODA,23988801.0,5460914.0,67796.0,22746713.0,0,0,0
BANKBEES,476841.0,231759.0,7157.0,1519579.0,0,0,0
BANKINDIA,1513126.0,516826.0,5045.0,1483752.0,0,0,0
BANSWRAS,7699.0,3847.0,297.0,42925.0,0,0,0
BARBEQUE,67958.0,23760.0,6658.0,77774.0,0,0,0
BASF,13873.0,5023.0,2784.0,54347.0,0,0,0
BASML,42591.0,23684.0,633.0,90039.0,0,0,0
BATAINDIA,235556.0,83725.0,14523.0,281185.0,0,0,0
BAYERCROP,6831.0,3483.0,2147.0,14842.0,0,0,0
BBETF0432,4010.0,3631.0,50.0,19087.0,0,0,0
BBL,7192.0,3577.0,1444.0,12506.0,0,0,0
BBOX,8526.0,4810.0,444.0,56062.0,0,0,0
BBTC,21588.0,8990.0,2637.0,28445.0,0,0,0
BCG,3725469.0,2392062.0,9117.0,13270606.0,0,0,0
BCLIND,16450.0,16273.0,388.0,28676.0,0,0,0
BCONCEPTS,4239.0,4239.0,51.0,31471.0,0,0,0
BCP,160989.0,112581.0,359.0,392662.0,0,0,0
BDL,1009304.0,206038.0,32386.0,1161735.0,0,0,0
BEARDSELL,25609.0,19419.0,147.0,68965.0,0,0,0
BECTORFOOD,98236.0,27131.0,4650.0,153155.0,0,0,0
BEDMUTHA,6714.0,4479.0,99.0,23399.0,0,0,0
BEL,5024401.0,1986585.0,44324.0,3603344.0,0,0,0
BEML,106485.0,30243.0,9122.0,65243.0,0,0,0
BEPL,179763.0,87047.0,4841.0,196714.0,0,0,0
BERGEPAINT,888651.0,245063.0,29687.0,634091.0,0,0,0
BESTAGRO,36853.0,6670.0,2602.0,39128.0,0,0,0
BETA,2975.0,2025.0,13.0,20800.0,0,0,0
BFINVEST,5617.0,3255.0,291.0,14043.0,0,0,0
BFUTILITIE,65289.0,20046.0,4107.0,74782.0,0,0,0
BGRENERGY,48647.0,26761.0,925.0,486181.0,0,0,0
BHAGCHEM,2935.0,1956.0,194.0,31817.0,0,0,0
BHAGERIA,11161.0,6480.0,541.0,29021.0,0,0,0
BHAGYANGR,13653.0,7578.0,269.0,33079.0,0,0,0
BHAGYAPROP,9335.0,7081.0,62.0,34704.0,0,0,0
BHANDARI,303965.0,170765.0,633.0,487765.0,0,0,0
BHARATFORG,1229270.0,397094.0,26752.0,1898679.0,0,0,0
BHARATGEAR,11865.0,7300.0,390.0,105647.0,0,0,0
BHARATRAS,1516.0,638.0,755.0,2077.0,0,0,0
BHARATWIRE,35972.0,21375.0,398.0,107719.0,0,0,0
BHARTIARTL,5714992.0,3237244.0,115846.0,10654510.0,0,0,0
BHEL,13707409.0,2474337.0,26248.0,5431010.0,0,0,0
BIGBLOC,18673.0,18673.0,250.0,49417.0,0,0,0
BIL,4015.0,1860.0,220.0,8023.0,0,0,0
BINDALAGRO,162148.0,94386.0,858.0,269795.0,0,0,0
BIOCON,1692581.0,473898.0,22705.0,1012755.0,0,0,0
BIOFILCHEM,10569.0,6895.0,277.0,134370.0,0,0,0
BIRLACABLE,57195.0,26144.0,1994.0,121589.0,0,0,0
BIRLACORPN,91866.0,29248.0,8322.0,95346.0,0,0,0
BIRLAMONEY,36399.0,20795.0,598.0,42390.0,0,0,0
BLBLIMITED,22576.0,12175.0,161.0,46082.0,0,0,0
BLISSGVS,69096.0,32565.0,1551.0,58141.0,0,0,0
BLKASHYAP,115052.0,68426.0,429.0,842561.0,0,0,0
BLS,1120022.0,341214.0,65001.0,2239545.0,0,0,0
BLUEDART,9620.0,3933.0,2854.0,22642.0,0,0,0
BLUESTARCO,36297.0,13533.0,4767.0,759771.0,0,0,0
BODALCHEM,217685.0,83306.0,3925.0,209884.0,0,0,0
BOMDYEING,2359734.0,456723.0,14397.0,1514419.0,0,0,0
BOROLTD,54334.0,29230.0,3303.0,199648.0,0,0,0
BORORENEW,297761.0,84450.0,11835.0,366113.0,0,0,0
BOSCHLTD,10411.0,3220.0,3347.0,43355.0,0,0,0
BPCL,4365514.0,1790471.0,60114.0,3400699.0,0,0,0
BPL,54368.0,31617.0,552.0,174739.0,0,0,0
BRIGADE,170601.0,43931.0,8758.0,568430.0,0,0,0
BRIGHT,32769.0,31071.0,10.0,72000.0,0,0,0
BRITANNIA,326455.0,145859.0,23292.0,576903.0,0,0,0
BRNL,22795.0,13396.0,301.0,367629.0,0,0,0
BROOKS,18436.0,10362.0,331.0,23705.0,0,0,0
BSE,976622.0,263913.0,33417.0,1039478.0,0,0,0
BSHSL,922.0,812.0,42.0,2500.0,0,0,0
BSL,7568.0,3656.0,375.0,9921.0,0,0,0
BSLGOLDETF,12288.0,8185.0,152.0,300500.0,0,0,0
BSLNIFTY,21897.0,15995.0,511.0,797286.0,0,0,0
BSLSENETFG,1025.0,490.0,86.0,2216.0,0,0,0
BSOFT,1310745.0,376708.0,24231.0,2464531.0,0,0,0
BTML,3200.0,3000.0,2.0,151200.0,0,0,0
BURNPUR,133956.0,88942.0,401.0,158964.0,0,0,0
BUTTERFLY,27391.0,9230.0,2970.0,64511.0,0,0,0
BVCL,2284.0,2284.0,25.0,5746.0,0,0,0
BYKE,9695.0,9695.0,81.0,34523.0,0,0,0
CADSYS,3428.0,3428.0,1.0,6000.0,0,0,0
CALSOFT,31366.0,19462.0,314.0,252923.0,0,0,0
CAMLINFINE,116055.0,47476.0,3003.0,470821.0,0,0,0
CAMPUS,422954.0,163175.0,13325.0,610615.0,0,0,0
CAMS,119541.0,44264.0,14231.0,194898.0,0,0,0
CANBK,7893845.0,1566371.0,39401.0,6037532.0,0,0,0
CANFINHOME,415775.0,121144.0,10618.0,516354.0,0,0,0
CANTABIL,13165.0,2552.0,950.0,8431.0,0,0,0
CAPACITE,111101.0,59493.0,2921.0,377255.0,0,0,0
CAPLIPOINT,38893.0,16115.0,3896.0,39838.0,0,0,0
CAPTRUST,5286.0,3254.0,248.0,21987.0,0,0,0
CARBORUNIV,111187.0,57771.0,6926.0,178547.0,0,0,0
CAREERP,11262.0,5992.0,375.0,13438.0,0,0,0
CARERATING,33843.0,19199.0,1832.0,115129.0,0,0,0
CARTRADE,79684.0,28666.0,6988.0,197050.0,0,0,0
CASTROLIND,422572.0,212686.0,5666.0,1012943.0,0,0,0
CCCL,180525.0,180525.0,318.0,305943.0,0,0,0
CCHHL,46090.0,33969.0,142.0,279925.0,0,0,0
CCL,154715.0,71616.0,9714.0,258775.0,0,0,0
CDSL,375504.0,133621.0,25836.0,197842.0,0,0,0
CEATLTD,55458.0,21230.0,5167.0,224278.0,0,0,0
CELEBRITY,40648.0,21031.0,315.0,88847.0,0,0,0
CENTENKA,39220.0,14344.0,3086.0,40569.0,0,0,0
CENTEXT,117753.0,65798.0,396.0,194729.0,0,0,0
CENTRALBK,1149436.0,450530.0,7503.0,2473613.0,0,0,0
CENTRUM,144905.0,89643.0,588.0,387357.0,0,0,0
CENTUM,5427.0,2461.0,257.0,8660.0,0,0,0
CENTURYPLY,71503.0,29338.0,5335.0,118777.0,0,0,0
CENTURYTEX,137673.0,32352.0,6046.0,59006.0,0,0,0
CERA,9360.0,4121.0,2947.0,24511.0,0,0,0
CEREBRAINT,107771.0,56745.0,1445.0,302030.0,0,0,0
CESC,835649.0,473329.0,6952.0,2816897.0,0,0,0
CGCL,101938.0,60684.0,2749.0,134592.0,0,0,0
CGPOWER,666125.0,363789.0,8134.0,2749379.0,0,0,0
CHALET,188173.0,67827.0,7936.0,300091.0,0,0,0
CHAMBLFERT,1609431.0,337335.0,24320.0,1611201.0,0,0,0
CHEMBOND,6629.0,4000.0,257.0,14858.0,0,0,0
CHEMCON,55746.0,23922.0,3679.0,132671.0,0,0,0
CHEMFAB,5800.0,3819.0,85.0,9331.0,0,0,0
CHEMPLASTS,75709.0,34101.0,5331.0,361675.0,0,0,0
CHENNPETRO,3414758.0,894034.0,46363.0,1781755.0,0,0,0
CHEVIOT,1945.0,1147.0,404.0,2834.0,0,0,0
CHOICEIN,33536.0,5707.0,1056.0,461603.0,0,0,0
CHOLAFIN,1131881.0,442599.0,29273.0,1722361.0,0,0,0
CHOLAHLDNG,16706.0,9511.0,2220.0,176394.0,0,0,0
CIGNITITEC,51720.0,38737.0,1393.0,148876.0,0,0,0
CINELINE,21145.0,20616.0,190.0,63847.0,0,0,0
CINEVISTA,23106.0,15042.0,119.0,69784.0,0,0,0
CIPLA,1413806.0,557427.0,43763.0,1325578.0,0,0,0
CLEAN,80516.0,37126.0,7631.0,135082.0,0,0,0
CLEDUCATE,38314.0,27924.0,420.0,54780.0,0,0,0
CLNINDIA,9728.0,5294.0,741.0,15705.0,0,0,0
CLSEL,35483.0,19716.0,1456.0,74076.0,0,0,0
CMICABLES,8790.0,4798.0,169.0,162415.0,0,0,0
CMSINFO,128233.0,70944.0,4450.0,284187.0,0,0,0
COALINDIA,10438369.0,2882038.0,73833.0,12672932.0,0,0,0
COASTCORP,13100.0,8720.0,541.0,364983.0,0,0,0
COCHINSHIP,104450.0,48063.0,4130.0,101916.0,0,0,0
COFFEEDAY,1068326.0,475579.0,5540.0,986667.0,0,0,0
COFORGE,383204.0,102895.0,36248.0,610468.0,0,0,0
COLPAL,268396.0,138943.0,16173.0,346621.0,0,0,0
COMPINFO,777078.0,266955.0,2699.0,1297739.0,0,0,0
COMPUSOFT,67957.0,42444.0,421.0,1116040.0,0,0,0
CONCOR,1023685.0,402735.0,27373.0,1396656.0,0,0,0
CONFIPET,424430.0,234283.0,5533.0,470302.0,0,0,0
CONSOFINVT,2529.0,1748.0,73.0,16229.0,0,0,0
CONSUMBEES,7841.0,6295.0,159.0,28687.0,0,0,0
CONTROLPR,9522.0,5450.0,800.0,9412.0,0,0,0
COOLCAPS,20538.0,15964.0,6.0,42000.0,0,0,0
CORALFINAC,14199.0,9173.0,279.0,22711.0,0,0,0
CORDSCABLE,11739.0,6519.0,205.0,27356.0,0,0,0
COROMANDEL,392904.0,118073.0,20708.0,475468.0,0,0,0
COSMOFILMS,50297.0,22178.0,5565.0,56406.0,0,0,0
COUNCODOS,61759.0,41144.0,182.0,268774.0,0,0,0
CPSEETF,477441.0,346725.0,2534.0,6267873.0,0,0,0
CRAFTSMAN,20029.0,11547.0,3014.0,249214.0,0,0,0
CREATIVE,6394.0,4238.0,206.0,49127.0,0,0,0
CREDITACC,130991.0,55595.0,10079.0,440298.0,0,0,0
CREST,5969.0,5500.0,116.0,228148.0,0,0,0
CRISIL,22245.0,5271.0,6591.0,122273.0,0,0,0
CROMPTON,1081159.0,545591.0,19294.0,3202278.0,0,0,0
CROWN,3861.0,733.0,100.0,18704.0,0,0,0
CSBBANK,170638.0,93903.0,3509.0,357516.0,0,0,0
CTE,26969.0,13083.0,929.0,124766.0,0,0,0
CUB,2109646.0,823261.0,16093.0,3010405.0,0,0,0
CUBEXTUB,13076.0,6794.0,223.0,97966.0,0,0,0
CUMMINSIND,232477.0,85377.0,13925.0,529398.0,0,0,0
CUPID,19290.0,10705.0,1114.0,38760.0,0,0,0
CYBERMEDIA,4378.0,3761.0,41.0,21633.0,0,0,0
CYBERTECH,41034.0,18103.0,1286.0,79007.0,0,0,0
CYIENT,147572.0,50094.0,11187.0,376116.0,0,0,0
DAAWAT,835578.0,322626.0,6010.0,912732.0,0,0,0
DABUR,1592497.0,819318.0,38136.0,2829450.0,0,0,0
DALBHARAT,220917.0,72216.0,11990.0,331860.0,0,0,0
DALMIASUG,120059.0,36683.0,5641.0,185260.0,0,0,0
DAMODARIND,10803.0,6085.0,233.0,17100.0,0,0,0
DANGEE,13273.0,8714.0,225.0,61247.0,0,0,0
DATAMATICS,112017.0,33208.0,5401.0,62712.0,0,0,0
DATAPATTNS,100510.0,36081.0,6774.0,101101.0,0,0,0
DBCORP,66671.0,39060.0,1579.0,88313.0,0,0,0
DBL,344417.0,94102.0,7150.0,428473.0,0,0,0
DBREALTY,158160.0,155854.0,809.0,247321.0,0,0,0
DBSTOCKBRO,2355.0,1797.0,56.0,8695.0,0,0,0
DCAL,262341.0,84062.0,5863.0,439437.0,0,0,0
DCBBANK,680323.0,337755.0,6337.0,1209969.0,0,0,0
DCM,13957.0,6633.0,326.0,47347.0,0,0,0
DCMFINSERV,6039.0,6039.0,20.0,84917.0,0,0,0
DCMNVL,25852.0,16245.0,572.0,52976.0,0,0,0
DCMSHRIRAM,47850.0,17092.0,4085.0,62947.0,0,0,0
DCMSRIND,90383.0,48003.0,1934.0,136269.0,0,0,0
DCW,331411.0,185585.0,1533.0,391406.0,0,0,0
DECCANCE,4606.0,2546.0,385.0,12130.0,0,0,0
DEEPAKFERT,316865.0,151020.0,11958.0,269974.0,0,0,0
DEEPAKNTR,818620.0,205429.0,41883.0,453203.0,0,0,0
DEEPENR,14569.0,13768.0,176.0,25377.0,0,0,0
DEEPINDS,79625.0,34945.0,2525.0,145472.0,0,0,0
DELHIVERY,654045.0,274279.0,17863.0,1317667.0,0,0,0
DELPHIFX,550.0,372.0,55.0,2217.0,0,0,0
DELTACORP,5403756.0,1616445.0,53478.0,6784139.0,0,0,0
DELTAMAGNT,2412.0,1342.0,69.0,7846.0,0,0,0
DEN,385485.0,183263.0,2078.0,329576.0,0,0,0
DENORA,14524.0,8709.0,1015.0,47244.0,0,0,0
DEVIT,8309.0,8309.0,229.0,125753.0,0,0,0
DEVYANI,1187936.0,351249.0,16522.0,1203029.0,0,0,0
DFMFOODS,24679.0,14129.0,715.0,75328.0,0,0,0
DGCONTENT,314.0,314.0,4.0,267465.0,0,0,0
DHAMPURSUG,382745.0,127097.0,11324.0,208756.0,0,0,0
DHANBANK,213436.0,128659.0,680.0,463073.0,0,0,0
DHANI,1854614.0,629538.0,10627.0,7361473.0,0,0,0
DHANUKA,15125.0,6660.0,2328.0,11988.0,0,0,0
DHANVARSHA,198552.0,78741.0,2803.0,987647.0,0,0,0
DHARAMSI,8467.0,5718.0,683.0,53307.0,0,0,0
DHARSUGAR,11633.0,11633.0,109.0,21203.0,0,0,0
DHRUV,15850.0,7259.0,239.0,36744.0,0,0,0
DHUNINV,1005.0,456.0,135.0,1351.0,0,0,0
DIAMONDYD,8267.0,5417.0,1138.0,93206.0,0,0,0
DICIND,1716.0,1179.0,182.0,5533.0,0,0,0
DIGISPICE,63094.0,35690.0,506.0,81515.0,0,0,0
DIGJAMLMTD,1277.0,1277.0,52.0,2971.0,0,0,0
DIL,114422.0,47276.0,123.0,237158.0,0,0,0
DISHTV,2246529.0,1241774.0,2517.0,6627180.0,0,0,0
DIVISLAB,402010.0,190070.0,35446.0,415582.0,0,0,0
DIVOPPBEES,5000.0,3110.0,128.0,24724.0,0,0,0
DIXON,249550.0,47941.0,26587.0,168337.0,0,0,0
DLF,5100553.0,1196803.0,46444.0,2141710.0,0,0,0
DLINKINDIA,61330.0,29581.0,2148.0,229039.0,0,0,0
DMART,304177.0,84664.0,37844.0,552312.0,0,0,0
DNAMEDIA,44916.0,44916.0,52.0,277306.0,0,0,0
DODLA,4490.0,2908.0,523.0,5490.0,0,0,0
DOLATALGO,137163.0,81365.0,2113.0,215459.0,0,0,0
DOLLAR,56643.0,20743.0,3209.0,365783.0,0,0,0
DONEAR,7273.0,4957.0,159.0,45016.0,0,0,0
DPABHUSHAN,2435.0,1723.0,124.0,8618.0,0,0,0
DPSCLTD,68999.0,43208.0,467.0,362532.0,0,0,0
DPWIRES,4112.0,2516.0,170.0,221862.0,0,0,0
DRCSYSTEMS,1173.0,1173.0,16.0,28763.0,0,0,0
DREDGECORP,27890.0,11123.0,1738.0,41773.0,0,0,0
DRREDDY,379549.0,158825.0,34144.0,442770.0,0,0,0
DSPN50ETF,2240.0,2079.0,32.0,20419.0,0,0,0
DSPNEWETF,4088.0,3886.0,59.0,298472.0,0,0,0
DSPQ50ETF,2932.0,2611.0,70.0,27273.0,0,0,0
DSSL,50116.0,19897.0,1877.0,172396.0,0,0,0
DTIL,2677.0,1453.0,231.0,5188.0,0,0,0
DUCON,215868.0,132984.0,1246.0,1133949.0,0,0,0
DVL,13455.0,8086.0,549.0,12114.0,0,0,0
DWARKESH,1531595.0,388855.0,13712.0,927431.0,0,0,0
DYNAMATECH,8621.0,2900.0,1442.0,6578.0,0,0,0
DYNAMIC,10500.0,9037.0,4.0,52000.0,0,0,0
DYNPRO,18602.0,9957.0,1638.0,34873.0,0,0,0
E2E,1933.0,1257.0,79.0,32583.0,0,0,0
EASEMYTRIP,887639.0,339726.0,11725.0,538967.0,0,0,0
EASTSILK,24429.0,21997.0,104.0,37558.0,0,0,0
EBBETF0423,2375.0,2212.0,54.0,22804.0,0,0,0
EBBETF0425,2852.0,3502.0,54.0,15250.0,0,0,0
EBBETF0430,9691.0,9281.0,203.0,50575.0,0,0,0
EBBETF0431,7094.0,6075.0,119.0,126308.0,0,0,0
ECLERX,19107.0,9568.0,3362.0,63051.0,0,0,0
EDELWEISS,541729.0,274477.0,3251.0,927924.0,0,0,0
EICHERMOT,592866.0,274890.0,38753.0,812866.0,0,0,0
EIDPARRY,411015.0,143807.0,13907.0,507411.0,0,0,0
EIFFL,1090.0,759.0,51.0,8274.0,0,0,0
EIHAHOTELS,4534.0,2754.0,380.0,12248.0,0,0,0
EIHOTEL,162019.0,66156.0,3618.0,245573.0,0,0,0
EIMCOELECO,5240.0,2710.0,492.0,8380.0,0,0,0
EKC,241027.0,140619.0,2638.0,227107.0,0,0,0
ELDEHSG,1096.0,630.0,130.0,5097.0,0,0,0
ELECON,1566985.0,408048.0,26024.0,1058669.0,0,0,0
ELECTCAST,337362.0,173992.0,1826.0,1343433.0,0,0,0
ELECTHERM,12893.0,5960.0,312.0,130449.0,0,0,0
ELGIEQUIP,363164.0,156688.0,12302.0,527799.0,0,0,0
ELGIRUBCO,5292.0,5292.0,55.0,22809.0,0,0,0
EMAMILTD,177832.0,90533.0,9515.0,1172322.0,0,0,0
EMAMIPAP,21924.0,9982.0,832.0,25051.0,0,0,0
EMAMIREAL,28071.0,16483.0,387.0,39101.0,0,0,0
EMKAY,22872.0,13790.0,501.0,42188.0,0,0,0
EMMBI,11764.0,7328.0,319.0,46355.0,0,0,0
EMUDHRA,124036.0,63343.0,3721.0,212911.0,0,0,0
ENDURANCE,72744.0,36149.0,6764.0,174269.0,0,0,0
ENERGYDEV,53591.0,35178.0,265.0,110959.0,0,0,0
ENGINERSIN,648443.0,304361.0,5127.0,441930.0,0,0,0
ENIL,10867.0,6653.0,327.0,22074.0,0,0,0
EPL,197737.0,96222.0,7219.0,527737.0,0,0,0
EQUIPPP,4138.0,4138.0,100.0,10673.0,0,0,0
EQUITAS,669588.0,328749.0,8062.0,2892114.0,0,0,0
EQUITASBNK,720858.0,349261.0,5575.0,1671085.0,0,0,0
ERIS,17452.0,8722.0,3139.0,32888.0,0,0,0
EROSMEDIA,179546.0,118253.0,994.0,429556.0,0,0,0
ESABINDIA,4089.0,1900.0,1380.0,5075.0,0,0,0
ESCORTS,223877.0,79777.0,8915.0,303018.0,0,0,0
ESSARSHPNG,122833.0,82758.0,373.0,143776.0,0,0,0
ESSENTIA,1355.0,1355.0,2.0,489875.0,0,0,0
ESTER,71686.0,32576.0,1979.0,68210.0,0,0,0
ETHOSLTD,24194.0,12205.0,1742.0,48745.0,0,0,0
EUROBOND,11851.0,7629.0,5.0,20000.0,0,0,0
EVEREADY,133883.0,78987.0,1465.0,334277.0,0,0,0
EVERESTIND,22476.0,9379.0,2536.0,19575.0,0,0,0
EXCEL,59636.0,59636.0,152.0,1947216.0,0,0,0
EXCELINDUS,18591.0,8166.0,3117.0,18256.0,0,0,0
EXIDEIND,1221258.0,460204.0,13107.0,1506464.0,0,0,0
EXPLEOSOL,12896.0,5255.0,1826.0,26095.0,0,0,0
EXXARO,26802.0,11017.0,847.0,70329.0,0,0,0
FACT,113699.0,44040.0,2696.0,295182.0,0,0,0
FAIRCHEMOR,6698.0,3374.0,2054.0,7322.0,0,0,0
FCL,168825.0,96669.0,3404.0,545618.0,0,0,0
FCONSUMER,8603662.0,5196735.0,5428.0,18645594.0,0,0,0
FCSSOFT,2649692.0,1454816.0,2794.0,4240294.0,0,0,0
FDC,40392.0,24046.0,2386.0,176814.0,0,0,0
FEDERALBNK,9722090.0,2871325.0,31915.0,7064323.0,0,0,0
FEL,935957.0,519501.0,1072.0,2401555.0,0,0,0
FELDVR,25483.0,20740.0,107.0,62031.0,0,0,0
FELIX,6370.0,6571.0,1.0,4000.0,0,0,0
FIBERWEB,26651.0,16074.0,364.0,64932.0,0,0,0
FIDEL,52384.0,37285.0,16.0,294000.0,0,0,0
FIEMIND,74045.0,41719.0,5070.0,616727.0,0,0,0
FILATEX,243765.0,102203.0,3867.0,368821.0,0,0,0
FINCABLES,135054.0,52074.0,5319.0,165315.0,0,0,0
FINEORG,75458.0,27070.0,15680.0,64145.0,0,0,0
FINOPB,25019.0,12729.0,1816.0,144331.0,0,0,0
FINPIPE,292450.0,166342.0,7634.0,366318.0,0,0,0
FLEXITUFF,19289.0,15228.0,81.0,72307.0,0,0,0
FLFL,63028.0,59400.0,170.0,461193.0,0,0,0
FLUOROCHEM,30675.0,19105.0,4511.0,173756.0,0,0,0
FMGOETZE,29023.0,21787.0,566.0,66843.0,0,0,0
FMNL,139846.0,83241.0,277.0,434295.0,0,0,0
FOCUS,723.0,723.0,17.0,15621.0,0,0,0
FOODSIN,9983.0,5748.0,279.0,139976.0,0,0,0
FORCEMOT,9636.0,4037.0,1588.0,52007.0,0,0,0
FORTIS,439394.0,267631.0,11262.0,2013771.0,0,0,0
FOSECOIND,2234.0,1257.0,514.0,3417.0,0,0,0
FRETAIL,4124150.0,2952017.0,5882.0,9672332.0,0,0,0
FSC,54120.0,40606.0,272.0,169092.0,0,0,0
FSL,2294497.0,627374.0,14196.0,1049734.0,0,0,0
GABRIEL,138853.0,62401.0,3526.0,577143.0,0,0,0
GAEL,313922.0,112263.0,8845.0,413727.0,0,0,0
GAIL,7754152.0,2482251.0,46194.0,7595989.0,0,0,0
GAL,254387.0,170068.0,315.0,442877.0,0,0,0
GALAXYSURF,21894.0,5666.0,4209.0,109896.0,0,0,0
GALLANTT,74663.0,34642.0,1124.0,62462.0,0,0,0
GANDHITUBE,1248.0,927.0,99.0,11082.0,0,0,0
GANECOS,22222.0,14193.0,2199.0,76512.0,0,0,0
GANESHBE,213546.0,109045.0,3354.0,291621.0,0,0,0
GANESHHOUC,25335.0,16820.0,538.0,149777.0,0,0,0
GANGAFORGE,102137.0,73678.0,366.0,159514.0,0,0,0
GANGESSECU,2398.0,1089.0,157.0,8812.0,0,0,0
GARFIBRES,7101.0,4572.0,2645.0,12236.0,0,0,0
GATEWAY,256038.0,210285.0,2235.0,818882.0,0,0,0
GATI,320878.0,95024.0,5331.0,188396.0,0,0,0
GAYAHWS,74445.0,74445.0,49.0,1942627.0,0,0,0
GAYAPROJ,336895.0,210891.0,1059.0,1801575.0,0,0,0
GEECEE,6683.0,4025.0,425.0,10661.0,0,0,0
GEEKAYWIRE,10333.0,6070.0,289.0,18919.0,0,0,0
GENCON,11059.0,8253.0,195.0,23128.0,0,0,0
GENESYS,12080.0,12080.0,155.0,28890.0,0,0,0
GENUSPAPER,140860.0,87276.0,634.0,234023.0,0,0,0
GENUSPOWER,475504.0,168019.0,5665.0,260778.0,0,0,0
GEOJITFSL,216339.0,111748.0,2459.0,292010.0,0,0,0
GEPIL,59190.0,28414.0,2083.0,136488.0,0,0,0
GESHIP,244188.0,107104.0,8054.0,572845.0,0,0,0
GET&D,24034.0,13849.0,838.0,33254.0,0,0,0
GFLLIMITED,21869.0,14333.0,324.0,39645.0,0,0,0
GFSTEELS,816.0,816.0,4.0,6863.0,0,0,0
GHCL,354100.0,159726.0,14295.0,351350.0,0,0,0
GICHSGFIN,52135.0,25815.0,1064.0,68126.0,0,0,0
GICL,57321.0,33750.0,6.0,97500.0,0,0,0
GICRE,245695.0,89217.0,4583.0,335875.0,0,0,0
GILLANDERS,1777.0,1516.0,90.0,30731.0,0,0,0
GILLETTE,1742.0,978.0,656.0,19108.0,0,0,0
GILT5YBEES,46911.0,34258.0,253.0,132256.0,0,0,0
GINNIFILA,66412.0,43302.0,641.0,112881.0,0,0,0
GIPCL,118826.0,58369.0,2213.0,107679.0,0,0,0
GKWLIMITED,235.0,139.0,32.0,1315.0,0,0,0
GLAND,125514.0,89082.0,18144.0,636656.0,0,0,0
GLAXO,23128.0,12857.0,3547.0,89223.0,0,0,0
GLENMARK,631529.0,126073.0,12634.0,666945.0,0,0,0
GLFL,1023.0,1023.0,2.0,31860.0,0,0,0
GLOBAL,43619.0,37363.0,475.0,113712.0,0,0,0
GLOBALVECT,5693.0,3295.0,128.0,13587.0,0,0,0
GLOBE,872108.0,373131.0,1080.0,1798621.0,0,0,0
GLOBUSSPR,95972.0,37726.0,7321.0,72816.0,0,0,0
GLS,27816.0,16491.0,1994.0,33483.0,0,0,0
GMBREW,8795.0,3973.0,759.0,61143.0,0,0,0
GMDCLTD,1737833.0,442122.0,16497.0,814562.0,0,0,0
GMMPFAUDLR,26855.0,13450.0,7582.0,39874.0,0,0,0
GMRINFRA,5821696.0,1590893.0,35104.0,7515612.0,0,0,0
GMRP&UI,631706.0,454255.0,2060.0,2160539.0,0,0,0
GNA,21118.0,9550.0,1415.0,98856.0,0,0,0
GNFC,1496695.0,289182.0,30535.0,651100.0,0,0,0
GOACARBON,17659.0,8109.0,1478.0,88702.0,0,0,0
GOCLCORP,10671.0,6106.0,348.0,27604.0,0,0,0
GOCOLORS,22839.0,10732.0,2061.0,404793.0,0,0,0
GODFRYPHLP,16848.0,7071.0,2698.0,19400.0,0,0,0
GODHA,144023.0,144023.0,343.0,2182600.0,0,0,0
GODREJAGRO,62440.0,23867.0,3558.0,87795.0,0,0,0
GODREJCP,970385.0,528018.0,40290.0,3232897.0,0,0,0
GODREJIND,62737.0,25347.0,4261.0,112288.0,0,0,0
GODREJPROP,568859.0,137900.0,25603.0,374299.0,0,0,0
GOKEX,284796.0,117002.0,9559.0,464968.0,0,0,0
GOKUL,168504.0,69172.0,2763.0,435380.0,0,0,0
GOKULAGRO,67094.0,45449.0,923.0,169579.0,0,0,0
GOLDBEES,1581384.0,1028590.0,16107.0,7204517.0,0,0,0
GOLDENTOBC,5318.0,4492.0,152.0,16532.0,0,0,0
GOLDIAM,66819.0,29162.0,1591.0,325148.0,0,0,0
GOLDSHARE,43632.0,23468.0,247.0,364166.0,0,0,0
GOLDTECH,21661.0,12019.0,245.0,99998.0,0,0,0
GOODLUCK,37791.0,14793.0,1183.0,42831.0,0,0,0
GOODYEAR,25689.0,14375.0,2590.0,29974.0,0,0,0
GPIL,249536.0,145206.0,5578.0,625196.0,0,0,0
GPPL,360320.0,239280.0,8485.0,2822152.0,0,0,0
GPTINFRA,24608.0,12094.0,460.0,82195.0,0,0,0
GRANULES,489393.0,119900.0,6859.0,1319927.0,0,0,0
GRAPHITE,253823.0,94105.0,7904.0,269670.0,0,0,0
GRASIM,898986.0,308328.0,39866.0,756499.0,0,0,0
GRAUWEIL,365066.0,167110.0,4254.0,288046.0,0,0,0
GRAVITA,37626.0,35997.0,605.0,136219.0,0,0,0
GREAVESCOT,1448129.0,371081.0,14180.0,1258598.0,0,0,0
GREENLAM,20287.0,8599.0,1700.0,40791.0,0,0,0
GREENPANEL,180590.0,68353.0,10431.0,206698.0,0,0,0
GREENPLY,64168.0,34755.0,2982.0,549100.0,0,0,0
GREENPOWER,2154125.0,1333485.0,4788.0,5683236.0,0,0,0
GRINDWELL,21379.0,8400.0,3772.0,171334.0,0,0,0
GRINFRA,8887.0,3248.0,1620.0,194063.0,0,0,0
GROBTEA,185.0,124.0,59.0,468.0,0,0,0
GRPLTD,952.0,397.0,232.0,5397.0,0,0,0
GRSE,210100.0,89784.0,6184.0,164230.0,0,0,0
GRWRHITECH,8648.0,5459.0,637.0,104102.0,0,0,0
GSCLCEMENT,44613.0,27630.0,573.0,119085.0,0,0,0
GSFC,1126275.0,418211.0,16235.0,1403725.0,0,0,0
GSPL,467269.0,229650.0,9026.0,1132492.0,0,0,0
GSS,42208.0,42208.0,221.0,194099.0,0,0,0
GTL,441239.0,297326.0,1295.0,2995009.0,0,0,0
GTLINFRA,20601836.0,16930062.0,9939.0,52385158.0,0,0,0
GTPL,22114.0,13840.0,873.0,47717.0,0,0,0
GUFICBIO,87273.0,42923.0,2306.0,232673.0,0,0,0
GUJALKALI,237220.0,67479.0,10059.0,163620.0,0,0,0
GUJAPOLLO,1680.0,905.0,114.0,25795.0,0,0,0
GUJGASLTD,1608395.0,410034.0,31486.0,1730637.0,0,0,0
GUJRAFFIA,1001.0,1001.0,18.0,2221.0,0,0,0
GULFOILLUB,17848.0,9830.0,1457.0,45111.0,0,0,0
GULFPETRO,39515.0,21478.0,732.0,47905.0,0,0,0
GULPOLY,40002.0,23678.0,1762.0,58648.0,0,0,0
HAL,721654.0,261811.0,30553.0,2471924.0,0,0,0
HAPPSTMNDS,298373.0,101376.0,19356.0,225828.0,0,0,0
HARDWYN,7131.0,5595.0,74.0,164026.0,0,0,0
HARIOMPIPE,124187.0,66370.0,3541.0,259172.0,0,0,0
HARRMALAYA,26164.0,13268.0,1041.0,35099.0,0,0,0
HATHWAY,1083839.0,454257.0,2972.0,1152504.0,0,0,0
HATSUN,12994.0,4915.0,2240.0,230966.0,0,0,0
HAVELLS,881689.0,408892.0,29693.0,1644266.0,0,0,0
HAVISHA,23464.0,23464.0,71.0,49907.0,0,0,0
HBANKETF,1914.0,1615.0,88.0,5075.0,0,0,0
HBLPOWER,4734226.0,1035680.0,22398.0,2005599.0,0,0,0
HBSL,5759.0,3389.0,177.0,8950.0,0,0,0
HCC,3311666.0,1597769.0,4743.0,3782169.0,0,0,0
HCG,132857.0,86538.0,4180.0,547210.0,0,0,0
HCL-INSYS,321667.0,195374.0,1612.0,288855.0,0,0,0
HCLTECH,2284137.0,1227206.0,76303.0,3682643.0,0,0,0
HDFC,2859802.0,1824813.0,101178.0,3666079.0,0,0,0
HDFCAMC,451997.0,223780.0,20239.0,410057.0,0,0,0
HDFCBANK,4262868.0,2466023.0,160293.0,6252423.0,0,0,0
HDFCLIFE,2592105.0,1311613.0,58760.0,3097618.0,0,0,0
HDFCMFGETF,479131.0,361001.0,806.0,8918299.0,0,0,0
HDFCNIFETF,31858.0,21493.0,400.0,413388.0,0,0,0
HDFCSENETF,3826.0,2242.0,230.0,14333.0,0,0,0
HEALTHY,22298.0,15579.0,376.0,55771.0,0,0,0
HECPROJECT,969.0,682.0,29.0,6308.0,0,0,0
HEG,88964.0,27528.0,7068.0,66851.0,0,0,0
HEIDELBERG,57734.0,33613.0,2673.0,863787.0,0,0,0
HEMIPROP,725110.0,258310.0,6575.0,764773.0,0,0,0
HERANBA,23134.0,12486.0,1843.0,34938.0,0,0,0
HERCULES,11130.0,6209.0,378.0,23156.0,0,0,0
HERITGFOOD,39070.0,20307.0,3161.0,76526.0,0,0,0
HEROMOTOCO,594762.0,199340.0,35062.0,366406.0,0,0,0
HESTERBIO,909.0,545.0,307.0,5764.0,0,0,0
HEXATRADEX,5207.0,3778.0,227.0,90121.0,0,0,0
HFCL,4713824.0,1399846.0,16849.0,5022048.0,0,0,0
HGINFRA,58430.0,24427.0,4725.0,118877.0,0,0,0
HGS,42625.0,22676.0,3249.0,194048.0,0,0,0
HIKAL,484446.0,182876.0,10705.0,3315401.0,0,0,0
HIL,7702.0,4313.0,1713.0,8438.0,0,0,0
HILTON,4110.0,4110.0,43.0,120738.0,0,0,0
HIMATSEIDE,190179.0,100419.0,4900.0,399141.0,0,0,0
HINDALCO,9799857.0,3655986.0,111931.0,11549860.0,0,0,0
HINDCOMPOS,2437.0,1226.0,208.0,2040.0,0,0,0
HINDCON,6369.0,4045.0,142.0,15733.0,0,0,0
HINDCOPPER,2774669.0,577497.0,14261.0,2174638.0,0,0,0
HINDMOTORS,1651611.0,1389165.0,3030.0,12252473.0,0,0,0
HINDOILEXP,1275360.0,295571.0,16445.0,483065.0,0,0,0
HINDPETRO,3553821.0,1232823.0,44780.0,4739808.0,0,0,0
HINDUNILVR,1704738.0,945982.0,75717.0,3116246.0,0,0,0
HINDWAREAP,38613.0,26860.0,1497.0,53047.0,0,0,0
HINDZINC,390368.0,178101.0,12054.0,1767589.0,0,0,0
HIRECT,4152.0,2363.0,218.0,11506.0,0,0,0
HISARMETAL,8600.0,4926.0,373.0,46368.0,0,0,0
HITECH,37374.0,4877.0,1448.0,38429.0,0,0,0
HITECHCORP,4577.0,2647.0,370.0,13625.0,0,0,0
HITECHGEAR,3561.0,2379.0,152.0,8642.0,0,0,0
HLEGLAS,6053.0,2976.0,2138.0,6004.0,0,0,0
HLVLTD,134578.0,92593.0,325.0,770458.0,0,0,0
HMVL,20704.0,14252.0,376.0,35444.0,0,0,0
HNDFDS,3356.0,1758.0,962.0,11837.0,0,0,0
HNGSNGBEES,1507.0,1039.0,132.0,7034.0,0,0,0
HOMEFIRST,40583.0,19723.0,4314.0,107041.0,0,0,0
HONAUT,4414.0,2180.0,1763.0,27418.0,0,0,0
HONDAPOWER,6576.0,3112.0,1480.0,8682.0,0,0,0
HOVS,10560.0,5849.0,211.0,51959.0,0,0,0
HPAL,24233.0,10177.0,2068.0,53536.0,0,0,0
HPL,66163.0,29889.0,1180.0,88391.0,0,0,0
HSCL,5438881.0,1471889.0,19920.0,14947702.0,0,0,0
HTMEDIA,332679.0,211027.0,1999.0,358889.0,0,0,0
HUBTOWN,57760.0,57760.0,262.0,428270.0,0,0,0
HUDCO,758351.0,392509.0,3031.0,635561.0,0,0,0
HUHTAMAKI,37474.0,21496.0,1205.0,51673.0,0,0,0
IBMFNIFTY,392.0,186.0,41.0,457.0,0,0,0
IBREALEST,7259202.0,2094162.0,25110.0,7979956.0,0,0,0
IBULHSGFIN,15481086.0,2620378.0,65736.0,4793375.0,0,0,0
ICDSLTD,445.0,445.0,14.0,2512.0,0,0,0
ICEMAKE,25858.0,22306.0,219.0,37116.0,0,0,0
ICICI500,61176.0,46806.0,430.0,1105634.0,0,0,0
ICICI5GSEC,128.0,91.0,16.0,923.0,0,0,0
ICICIALPLV,35591.0,29913.0,377.0,107250.0,0,0,0
ICICIAUTO,9303.0,6767.0,132.0,697130.0,0,0,0
ICICIB22,97577.0,65556.0,1039.0,1794523.0,0,0,0
ICICIBANK,9998403.0,6089062.0,131621.0,9184818.0,0,0,0
ICICIBANKN,10942.0,6585.0,157.0,35683.0,0,0,0
ICICIBANKP,7641.0,3551.0,133.0,29980.0,0,0,0
ICICICONSU,991.0,878.0,31.0,38561.0,0,0,0
ICICIFMCG,3040.0,2112.0,126.0,46995.0,0,0,0
ICICIGI,663519.0,412402.0,33619.0,1506363.0,0,0,0
ICICIGOLD,389922.0,331520.0,3438.0,3621210.0,0,0,0
ICICILIQ,79292.0,68080.0,216.0,560832.0,0,0,0
ICICILOVOL,120155.0,109772.0,937.0,392075.0,0,0,0
ICICIM150,17023.0,10956.0,534.0,30594.0,0,0,0
ICICIMCAP,7087.0,3627.0,260.0,16223.0,0,0,0
ICICINF100,7331.0,3361.0,436.0,14629.0,0,0,0
ICICINIFTY,103094.0,74384.0,4999.0,1367360.0,0,0,0
ICICINV20,23879.0,16106.0,1057.0,46229.0,0,0,0
ICICINXT50,40844.0,29788.0,942.0,159042.0,0,0,0
ICICIPHARM,6949.0,5511.0,110.0,119439.0,0,0,0
ICICIPRULI,1291350.0,604166.0,28591.0,1211488.0,0,0,0
ICICISENSX,1862.0,1401.0,132.0,7228.0,0,0,0
ICICISILVE,195175.0,139624.0,647.0,483039.0,0,0,0
ICICITECH,26556.0,16298.0,533.0,422982.0,0,0,0
ICIL,117562.0,44148.0,4265.0,269474.0,0,0,0
ICRA,1085.0,675.0,300.0,20094.0,0,0,0
IDBI,4469456.0,1496082.0,9612.0,3951627.0,0,0,0
IDBIGOLD,70.0,44.0,28.0,239.0,0,0,0
IDEA,88070913.0,22985973.0,123291.0,36793674.0,0,0,0
IDFC,3248640.0,743459.0,6681.0,3550319.0,0,0,0
IDFCFIRSTB,15039479.0,4668205.0,28094.0,60378168.0,0,0,0
IDFNIFTYET,251.0,169.0,11.0,1873.0,0,0,0
IEX,7401141.0,2292663.0,69740.0,10393679.0,0,0,0
IFBAGRO,5449.0,2669.0,474.0,6226.0,0,0,0
IFBIND,25600.0,6821.0,2701.0,21796.0,0,0,0
IFCI,2040414.0,876364.0,2360.0,1835127.0,0,0,0
IFGLEXPOR,6761.0,5287.0,374.0,252983.0,0,0,0
IGARASHI,12821.0,7703.0,920.0,53763.0,0,0,0
IGL,1683074.0,649208.0,26597.0,1436074.0,0,0,0
IGPL,16279.0,7836.0,1633.0,13608.0,0,0,0
IIFL,550459.0,169959.0,10625.0,671007.0,0,0,0
IIFLSEC,119622.0,64976.0,2202.0,114378.0,0,0,0
IIFLWAM,16658.0,10659.0,2221.0,412515.0,0,0,0
IITL,337.0,337.0,9.0,4106.0,0,0,0
IMAGICAA,208527.0,162670.0,501.0,2105307.0,0,0,0
IMFA,55640.0,30667.0,2348.0,60824.0,0,0,0
IMPAL,1032.0,657.0,129.0,3283.0,0,0,0
IMPEXFERRO,76781.0,76419.0,197.0,1121108.0,0,0,0
INCREDIBLE,4347.0,2847.0,55.0,6882.0,0,0,0
INDBANK,54893.0,30979.0,474.0,130967.0,0,0,0
INDHOTEL,3411897.0,1606788.0,28903.0,3868578.0,0,0,0
INDIACEM,1579123.0,273328.0,11871.0,2232913.0,0,0,0
INDIAGLYCO,93320.0,38383.0,6888.0,104709.0,0,0,0
INDIAMART,68539.0,13712.0,9625.0,92111.0,0,0,0
INDIANB,1069687.0,325424.0,11481.0,1928136.0,0,0,0
INDIANCARD,5314.0,2020.0,469.0,60654.0,0,0,0
INDIANHUME,15203.0,9636.0,407.0,31580.0,0,0,0
INDIGO,425591.0,107618.0,23273.0,743132.0,0,0,0
INDIGOPNTS,13843.0,4451.0,2948.0,10796.0,0,0,0
INDLMETER,4625.0,4625.0,32.0,32948.0,0,0,0
INDNIPPON,9793.0,6130.0,771.0,17960.0,0,0,0
INDOAMIN,16799.0,9225.0,755.0,16095.0,0,0,0
INDOBORAX,20951.0,12226.0,708.0,23352.0,0,0,0
INDOCO,54538.0,35573.0,3523.0,183690.0,0,0,0
INDORAMA,68506.0,41589.0,856.0,86986.0,0,0,0
INDOSTAR,16064.0,10348.0,624.0,67566.0,0,0,0
INDOTECH,7642.0,3963.0,306.0,33864.0,0,0,0
INDOTHAI,4221.0,2500.0,220.0,21655.0,0,0,0
INDOWIND,63790.0,63790.0,595.0,153582.0,0,0,0
INDRAMEDCO,63165.0,36613.0,911.0,101097.0,0,0,0
INDSWFTLAB,29531.0,18181.0,470.0,59532.0,0,0,0
INDSWFTLTD,37449.0,21929.0,129.0,221054.0,0,0,0
INDTERRAIN,46901.0,32921.0,498.0,448999.0,0,0,0
INDUSINDBK,1328590.0,342581.0,44581.0,1551575.0,0,0,0
INDUSTOWER,2438639.0,1296662.0,26134.0,19161165.0,0,0,0
INEOSSTYRO,68574.0,29870.0,5516.0,123264.0,0,0,0
INFIBEAM,1487992.0,860986.0,3763.0,3645888.0,0,0,0
INFOBEAN,13184.0,7099.0,1159.0,26632.0,0,0,0
INFOMEDIA,925.0,925.0,2.0,10073.0,0,0,0
INFRABEES,2062.0,1438.0,134.0,85300.0,0,0,0
INFY,5833127.0,3653799.0,190401.0,6114925.0,0,0,0
INGERRAND,8155.0,4215.0,1692.0,8962.0,0,0,0
INNOVANA,1125.0,1125.0,1.0,25000.0,0,0,0
INOXLEISUR,324305.0,118937.0,9315.0,308418.0,0,0,0
INOXWIND,175236.0,78738.0,3918.0,200654.0,0,0,0
INSECTICID,26784.0,13897.0,3009.0,73242.0,0,0,0
INSPIRISYS,9003.0,6521.0,71.0,20019.0,0,0,0
INTELLECT,343446.0,95965.0,12030.0,278478.0,0,0,0
INTENTECH,34383.0,20508.0,621.0,78582.0,0,0,0
INTLCONV,77845.0,49274.0,3361.0,162465.0,0,0,0
INVENTURE,2289339.0,1355078.0,2181.0,2643538.0,0,0,0
IOB,1095898.0,412773.0,2826.0,2995045.0,0,0,0
IOC,11097099.0,4861125.0,54600.0,14806549.0,0,0,0
IOLCP,218928.0,69141.0,8961.0,110155.0,0,0,0
IONEXCHANG,11019.0,5142.0,1964.0,56535.0,0,0,0
IPCALAB,208588.0,90207.0,11488.0,383042.0,0,0,0
IPL,81396.0,39107.0,2416.0,351623.0,0,0,0
IRB,847957.0,310648.0,8119.0,1275575.0,0,0,0
IRCON,420040.0,256179.0,3081.0,649525.0,0,0,0
IRCTC,1788981.0,467160.0,50932.0,1368043.0,0,0,0
IRFC,2641341.0,1587628.0,6337.0,4634998.0,0,0,0
IRIS,6180.0,3228.0,232.0,46598.0,0,0,0
IRISDOREME,20419.0,1569.0,619.0,15954.0,0,0,0
ISEC,364022.0,183752.0,15719.0,477142.0,0,0,0
ISFT,12952.0,8134.0,341.0,20004.0,0,0,0
ISGEC,22522.0,13076.0,1806.0,56113.0,0,0,0
ISMTLTD,41237.0,38596.0,266.0,141156.0,0,0,0
ITBEES,1241017.0,1064338.0,4271.0,8078593.0,0,0,0
ITC,11521061.0,5753692.0,112208.0,20299183.0,0,0,0
ITDC,11229.0,4321.0,729.0,13111.0,0,0,0
ITDCEM,370455.0,153079.0,3840.0,1143284.0,0,0,0
ITI,176156.0,44033.0,3315.0,1440498.0,0,0,0
IVC,155736.0,98580.0,404.0,734630.0,0,0,0
IVP,10225.0,5985.0,341.0,37638.0,0,0,0
IVZINGOLD,91.0,70.0,22.0,417.0,0,0,0
IVZINNIFTY,7.0,6.0,4.0,80.0,0,0,0
IWEL,367.0,227.0,63.0,2049.0,0,0,0
IZMO,35867.0,19992.0,586.0,51956.0,0,0,0
J&KBANK,784447.0,329245.0,2297.0,859417.0,0,0,0
JAGRAN,155137.0,105458.0,1883.0,292810.0,0,0,0
JAGSNPHARM,29053.0,20982.0,637.0,59005.0,0,0,0
JAIBALAJI,27648.0,19804.0,258.0,311894.0,0,0,0
JAICORPLTD,1594066.0,275093.0,11807.0,921614.0,0,0,0
JAIPURKURT,20908.0,10459.0,275.0,41224.0,0,0,0
JAMNAAUTO,619492.0,238278.0,8774.0,1997355.0,0,0,0
JASH,7160.0,4453.0,497.0,12668.0,0,0,0
JAYAGROGN,20127.0,9504.0,941.0,23938.0,0,0,0
JAYBARMARU,17799.0,12511.0,382.0,61224.0,0,0,0
JAYNECOIND,343047.0,184827.0,1070.0,1404348.0,0,0,0
JAYSREETEA,26261.0,13426.0,595.0,50720.0,0,0,0
JBCHEPHARM,34305.0,20216.0,4494.0,248081.0,0,0,0
JBFIND,67846.0,44093.0,243.0,139675.0,0,0,0
JBMA,71881.0,42885.0,3412.0,112401.0,0,0,0
JCHAC,3934.0,2275.0,846.0,14883.0,0,0,0
JETFREIGHT,12853.0,6850.0,155.0,115576.0,0,0,0
JHS,45424.0,25887.0,306.0,76476.0,0,0,0
JINDALPHOT,10202.0,5096.0,445.0,14764.0,0,0,0
JINDALPOLY,49478.0,18340.0,4594.0,28160.0,0,0,0
JINDALSAW,446525.0,156497.0,4464.0,247103.0,0,0,0
JINDALSTEL,5832100.0,1064284.0,57473.0,3409370.0,0,0,0
JINDRILL,21979.0,12128.0,642.0,23839.0,0,0,0
JINDWORLD,8088.0,8088.0,217.0,38365.0,0,0,0
JISLDVREQS,17517.0,12392.0,149.0,255893.0,0,0,0
JISLJALEQS,1943413.0,1006764.0,4379.0,9623669.0,0,0,0
JITFINFRA,5982.0,5982.0,93.0,127690.0,0,0,0
JKCEMENT,156320.0,51805.0,12005.0,226558.0,0,0,0
JKIL,770983.0,225799.0,16776.0,637148.0,0,0,0
JKLAKSHMI,262027.0,109467.0,8269.0,437687.0,0,0,0
JKPAPER,944006.0,187424.0,13987.0,455917.0,0,0,0
JKTYRE,530745.0,243476.0,8180.0,529333.0,0,0,0
JMA,9016.0,5760.0,179.0,13908.0,0,0,0
JMCPROJECT,31533.0,17835.0,841.0,86543.0,0,0,0
JMFINANCIL,242182.0,110454.0,3383.0,328047.0,0,0,0
JOCIL,6150.0,2979.0,274.0,21024.0,0,0,0
JPASSOCIAT,3627243.0,1871171.0,5699.0,4173063.0,0,0,0
JPINFRATEC,547021.0,547021.0,772.0,923429.0,0,0,0
JPOLYINVST,5688.0,3594.0,264.0,12567.0,0,0,0
JPPOWER,26141244.0,9482337.0,18231.0,19548528.0,0,0,0
JSL,908979.0,447535.0,12606.0,1032854.0,0,0,0
JSLHISAR,124092.0,46149.0,4328.0,138740.0,0,0,0
JSWENERGY,618003.0,333369.0,13268.0,1740253.0,0,0,0
JSWHL,426.0,238.0,161.0,1640.0,0,0,0
JSWISPL,1566584.0,675893.0,3068.0,1577410.0,0,0,0
JSWSTEEL,4704108.0,963676.0,61545.0,2250788.0,0,0,0
JTEKTINDIA,52702.0,41972.0,981.0,1416303.0,0,0,0
JTLINFRA,63308.0,38863.0,1070.0,549282.0,0,0,0
JUBLFOOD,2220043.0,514238.0,45934.0,1922643.0,0,0,0
JUBLINDS,8878.0,3280.0,645.0,51014.0,0,0,0
JUBLINGREA,236725.0,90433.0,7307.0,266847.0,0,0,0
JUBLPHARMA,70662.0,28919.0,4975.0,90548.0,0,0,0
JUNIORBEES,103346.0,73842.0,7062.0,296737.0,0,0,0
JUSTDIAL,268075.0,64942.0,9190.0,113515.0,0,0,0
JWL,168384.0,110487.0,2016.0,723841.0,0,0,0
JYOTHYLAB,259395.0,74660.0,3992.0,1347548.0,0,0,0
KABRAEXTRU,37854.0,18525.0,2491.0,110842.0,0,0,0
KAJARIACER,157447.0,99459.0,11570.0,300255.0,0,0,0
KAKATCEM,4806.0,2219.0,209.0,5879.0,0,0,0
KALPATPOWR,65633.0,38358.0,2806.0,350362.0,0,0,0
KALYANIFRG,154.0,154.0,6.0,553.0,0,0,0
KALYANKJIL,290237.0,142652.0,3949.0,1893008.0,0,0,0
KAMATHOTEL,43222.0,24380.0,832.0,50035.0,0,0,0
KAMDHENU,34229.0,14810.0,1174.0,58511.0,0,0,0
KANANIIND,168622.0,214616.0,654.0,1602016.0,0,0,0
KANORICHEM,8615.0,5551.0,163.0,13458.0,0,0,0
KANPRPLA,3215.0,2373.0,146.0,9109.0,0,0,0
KANSAINER,266097.0,213098.0,4797.0,2622842.0,0,0,0
KAPSTON,1327.0,1239.0,46.0,4789.0,0,0,0
KARMAENG,2562.0,2230.0,35.0,9755.0,0,0,0
KARURVYSYA,1668763.0,923474.0,7051.0,1868933.0,0,0,0
KAUSHALYA,21706.0,16856.0,69.0,34819.0,0,0,0
KAVVERITEL,16767.0,7706.0,103.0,39580.0,0,0,0
KAYA,6316.0,3226.0,426.0,13395.0,0,0,0
KBCGLOBAL,6533855.0,3510834.0,3091.0,40185127.0,0,0,0
KCP,97212.0,55999.0,2071.0,196684.0,0,0,0
KCPSUGIND,242931.0,104980.0,1230.0,170858.0,0,0,0
KDDL,5273.0,2843.0,460.0,6760.0,0,0,0
KEC,62158.0,26425.0,3390.0,316889.0,0,0,0
KECL,36511.0,24664.0,362.0,427093.0,0,0,0
KEEPLEARN,3333.0,3333.0,3.0,11600.0,0,0,0
KEERTI,6108.0,3746.0,71.0,128737.0,0,0,0
KEI,201581.0,115584.0,13782.0,684802.0,0,0,0
KELLTONTEC,302273.0,148414.0,4538.0,404691.0,0,0,0
KENNAMET,4795.0,2377.0,981.0,11963.0,0,0,0
KERNEX,4923.0,4923.0,75.0,40459.0,0,0,0
KESORAMIND,210782.0,109561.0,1688.0,441268.0,0,0,0
KEYFINSERV,2425.0,1391.0,99.0,81616.0,0,0,0
KHADIM,15873.0,10755.0,998.0,28127.0,0,0,0
KHAICHEM,221637.0,104836.0,3439.0,244948.0,0,0,0
KHAITANLTD,1331.0,1331.0,22.0,31479.0,0,0,0
KHANDSE,8433.0,8433.0,58.0,37071.0,0,0,0
KICL,219.0,180.0,34.0,1180.0,0,0,0
KILITCH,3663.0,2135.0,179.0,51673.0,0,0,0
KIMS,31359.0,21060.0,2884.0,244563.0,0,0,0
KINGFA,2285.0,1351.0,373.0,4280.0,0,0,0
KIOCL,27387.0,12454.0,1094.0,75279.0,0,0,0
KIRIINDUS,157374.0,51120.0,6818.0,963499.0,0,0,0
KIRLFER,75571.0,36446.0,2578.0,226293.0,0,0,0
KIRLOSBROS,20280.0,8372.0,1231.0,92695.0,0,0,0
KIRLOSENG,71998.0,43892.0,1892.0,81947.0,0,0,0
KIRLOSIND,640.0,403.0,160.0,1839.0,0,0,0
KITEX,309249.0,83715.0,6928.0,179611.0,0,0,0
KKCL,187323.0,66295.0,5831.0,445873.0,0,0,0
KMSUGAR,290373.0,122413.0,1775.0,273843.0,0,0,0
KNAGRI,23028.0,17142.0,14.0,72000.0,0,0,0
KNRCON,211868.0,107926.0,7669.0,454029.0,0,0,0
KOHINOOR,13042.0,13042.0,74.0,451293.0,0,0,0
KOKUYOCMLN,32451.0,20891.0,486.0,74747.0,0,0,0
KOLTEPATIL,109197.0,21644.0,3938.0,126565.0,0,0,0
KOPRAN,59853.0,26544.0,1902.0,149650.0,0,0,0
KOTAKALPHA,247827.0,136513.0,557.0,3831276.0,0,0,0
KOTAKBANK,2091911.0,1153165.0,71291.0,5298825.0,0,0,0
KOTAKBKETF,36348.0,32278.0,702.0,1374909.0,0,0,0
KOTAKGOLD,188679.0,119468.0,677.0,531989.0,0,0,0
KOTAKIT,24399.0,15882.0,276.0,128185.0,0,0,0
KOTAKLOVOL,1920.0,1142.0,72.0,467920.0,0,0,0
KOTAKMID50,503.0,599.0,32.0,4801.0,0,0,0
KOTAKNIFTY,20891.0,14384.0,420.0,667510.0,0,0,0
KOTAKNV20,12493.0,9410.0,253.0,34577.0,0,0,0
KOTAKPSUBK,4561.0,1967.0,138.0,19974.0,0,0,0
KOTARISUG,169558.0,56169.0,2481.0,95785.0,0,0,0
KOTHARIPET,58317.0,32268.0,1452.0,81932.0,0,0,0
KOTHARIPRO,1389.0,1389.0,30.0,14472.0,0,0,0
KOTYARK,6844.0,5170.0,15.0,48000.0,0,0,0
KOVAI,1829.0,1184.0,335.0,3067.0,0,0,0
KPIGREEN,306518.0,96355.0,15972.0,269840.0,0,0,0
KPITTECH,759259.0,281446.0,25985.0,589368.0,0,0,0
KPRMILL,235717.0,106427.0,11650.0,885084.0,0,0,0
KRBL,189049.0,81859.0,3735.0,389298.0,0,0,0
KREBSBIO,8348.0,5505.0,231.0,23791.0,0,0,0
KRIDHANINF,68620.0,39902.0,156.0,76204.0,0,0,0
KRISHANA,12255.0,8157.0,497.0,28816.0,0,0,0
KRISHIVAL,18142.0,11814.0,7.0,73000.0,0,0,0
KRISHNADEF,15555.0,11222.0,4.0,51000.0,0,0,0
KRITI,25146.0,11042.0,1265.0,44120.0,0,0,0
KRITIKA,19691.0,12720.0,214.0,84157.0,0,0,0
KRSNAA,25358.0,10724.0,2553.0,40456.0,0,0,0
KSB,13945.0,5784.0,2135.0,109766.0,0,0,0
KSCL,57508.0,23365.0,3594.0,67492.0,0,0,0
KSHITIJPOL,29489.0,23516.0,3.0,93320.0,0,0,0
KSL,14080.0,7827.0,629.0,20787.0,0,0,0
KSOLVES,9257.0,7257.0,22.0,61600.0,0,0,0
KTKBANK,928459.0,473887.0,4522.0,1099085.0,0,0,0
KUANTUM,24311.0,4527.0,302.0,68522.0,0,0,0
L&TFH,5010750.0,1023393.0,15231.0,3954118.0,0,0,0
LAGNAM,11103.0,6518.0,271.0,19046.0,0,0,0
LALPATHLAB,201932.0,40835.0,16508.0,126164.0,0,0,0
LAMBODHARA,9482.0,5251.0,298.0,13151.0,0,0,0
LANCER,67163.0,33502.0,1570.0,778890.0,0,0,0
LAOPALA,163252.0,56085.0,8075.0,390107.0,0,0,0
LASA,60497.0,41951.0,812.0,350805.0,0,0,0
LATENTVIEW,388821.0,135824.0,13562.0,226437.0,0,0,0
LATTEYS,3259.0,2285.0,1.0,14000.0,0,0,0
LAURUSLABS,679346.0,291838.0,14239.0,2587369.0,0,0,0
LAXMICOT,11489.0,7539.0,98.0,16286.0,0,0,0
LAXMIMACH,2275.0,1036.0,869.0,4758.0,0,0,0
LCCINFOTEC,148937.0,109371.0,295.0,643508.0,0,0,0
LEMERITE,22276.0,19259.0,10.0,99200.0,0,0,0
LEMONTREE,2068727.0,755467.0,11675.0,1389240.0,0,0,0
LEXUS,4880.0,4538.0,5.0,9000.0,0,0,0
LFIC,485.0,266.0,55.0,36129.0,0,0,0
LGBBROSLTD,41813.0,15433.0,2492.0,120268.0,0,0,0
LGBFORGE,153561.0,101376.0,545.0,343587.0,0,0,0
LIBAS,47439.0,22862.0,342.0,119426.0,0,0,0
LIBERTSHOE,37428.0,14539.0,930.0,26591.0,0,0,0
LICHSGFIN,2415394.0,864067.0,33089.0,1697381.0,0,0,0
LICI,2598094.0,907259.0,80399.0,1533565.0,0,0,0
LICNETFGSC,7869.0,6056.0,121.0,56473.0,0,0,0
LICNETFN50,565.0,422.0,56.0,1673.0,0,0,0
LICNETFSEN,181.0,131.0,38.0,845.0,0,0,0
LICNFNHGP,586.0,468.0,29.0,7184.0,0,0,0
LIKHITHA,13034.0,7901.0,577.0,101665.0,0,0,0
LINC,1640.0,756.0,161.0,3930.0,0,0,0
LINCOLN,31544.0,15530.0,1263.0,22123.0,0,0,0
LINDEINDIA,44517.0,16910.0,7020.0,67360.0,0,0,0
LIQUIDBEES,1637784.0,1373442.0,8094.0,2278215.0,0,0,0
LIQUIDETF,17790.0,15647.0,95.0,111162.0,0,0,0
LODHA,267223.0,169464.0,10394.0,1499276.0,0,0,0
LOKESHMACH,42245.0,25752.0,784.0,82945.0,0,0,0
LOTUSEYE,6661.0,4402.0,145.0,369320.0,0,0,0
LOVABLE,15551.0,8403.0,613.0,29511.0,0,0,0
LPDC,33277.0,22492.0,181.0,72043.0,0,0,0
LSIL,1730423.0,883602.0,3687.0,3867693.0,0,0,0
LT,1819442.0,1012812.0,74556.0,2776487.0,0,0,0
LTGILTBEES,21763.0,18070.0,99.0,78950.0,0,0,0
LTI,354410.0,102521.0,32914.0,175749.0,0,0,0
LTTS,243000.0,88423.0,26540.0,143116.0,0,0,0
LUMAXIND,9531.0,5939.0,1009.0,33792.0,0,0,0
LUMAXTECH,37753.0,26259.0,1411.0,339606.0,0,0,0
LUPIN,900982.0,244965.0,20405.0,629116.0,0,0,0
LUXIND,47726.0,18287.0,5786.0,128134.0,0,0,0
LXCHEM,401028.0,154479.0,15410.0,669410.0,0,0,0
LYKALABS,93995.0,51069.0,1463.0,266261.0,0,0,0
LYPSAGEMS,50510.0,36737.0,121.0,428821.0,0,0,0
M&M,3234051.0,1597641.0,114212.0,4785901.0,0,0,0
M&MFIN,3285211.0,899994.0,21245.0,2572778.0,0,0,0
MAANALU,9987.0,6761.0,377.0,63807.0,0,0,0
MACPOWER,3332.0,2039.0,148.0,15779.0,0,0,0
MADHAV,11028.0,4570.0,130.0,78184.0,0,0,0
MADHAVBAUG,5784.0,4444.0,3.0,6400.0,0,0,0
MADHUCON,21802.0,16929.0,85.0,58700.0,0,0,0
MADRASFERT,281619.0,116310.0,3105.0,376917.0,0,0,0
MAESGETF,8150.0,6671.0,80.0,111320.0,0,0,0
MAFANG,396558.0,254984.0,1979.0,835928.0,0,0,0
MAFSETF,64541.0,52778.0,231.0,134850.0,0,0,0
MAGADSUGAR,35727.0,13790.0,2277.0,29636.0,0,0,0
MAGNUM,34198.0,22876.0,133.0,140630.0,0,0,0
MAHABANK,1338718.0,626399.0,2971.0,1758259.0,0,0,0
MAHAPEXLTD,2180.0,768.0,117.0,5239.0,0,0,0
MAHASTEEL,8226.0,4757.0,228.0,58778.0,0,0,0
MAHEPC,9811.0,4777.0,443.0,22662.0,0,0,0
MAHESHWARI,36481.0,18092.0,424.0,70604.0,0,0,0
MAHINDCIE,505170.0,141432.0,9205.0,634786.0,0,0,0
MAHKTECH,166900.0,125230.0,443.0,407168.0,0,0,0
MAHLIFE,226386.0,76594.0,11160.0,435279.0,0,0,0
MAHLOG,40340.0,16774.0,4000.0,232857.0,0,0,0
MAHSCOOTER,2259.0,1453.0,558.0,2373.0,0,0,0
MAHSEAMLES,209880.0,86515.0,7037.0,236805.0,0,0,0
MAITHANALL,52958.0,22951.0,4377.0,74096.0,0,0,0
MALLCOM,706.0,307.0,128.0,1437.0,0,0,0
MALUPAPER,11122.0,6622.0,148.0,25991.0,0,0,0
MAM150ETF,87763.0,79550.0,171.0,2050657.0,0,0,0
MAMFGETF,1852.0,1489.0,47.0,60477.0,0,0,0
MAN50ETF,40002.0,30862.0,132.0,662709.0,0,0,0
MANAKALUCO,23095.0,13956.0,452.0,46453.0,0,0,0
MANAKCOAT,21718.0,13213.0,231.0,30841.0,0,0,0
MANAKSIA,72786.0,37679.0,1248.0,75618.0,0,0,0
MANAKSTEEL,48377.0,26839.0,522.0,134730.0,0,0,0
MANALIPETC,520747.0,195068.0,6807.0,756069.0,0,0,0
MANAPPURAM,3615347.0,890692.0,18729.0,5171656.0,0,0,0
MANGALAM,65489.0,28114.0,1320.0,84448.0,0,0,0
MANGCHEFER,628330.0,326648.0,6976.0,829366.0,0,0,0
MANGLMCEM,11920.0,5932.0,877.0,371028.0,0,0,0
MANINDS,72509.0,38742.0,1527.0,71734.0,0,0,0
MANINFRA,204413.0,125966.0,2334.0,371266.0,0,0,0
MANORAMA,1870.0,1293.0,263.0,3721.0,0,0,0
MANORG,11365.0,5117.0,1475.0,14890.0,0,0,0
MANUGRAPH,3652.0,2386.0,46.0,11900.0,0,0,0
MANXT50,4739.0,4271.0,64.0,80223.0,0,0,0
MANYAVAR,84970.0,48142.0,8243.0,161804.0,0,0,0
MAPMYINDIA,81628.0,23153.0,8736.0,85805.0,0,0,0
MARALOVER,10876.0,7062.0,188.0,55377.0,0,0,0
MARATHON,89498.0,10131.0,1902.0,263468.0,0,0,0
MARICO,1419326.0,596049.0,34624.0,1711034.0,0,0,0
MARINE,94252.0,64406.0,728.0,117149.0,0,0,0
MARKSANS,432649.0,245493.0,3163.0,2893998.0,0,0,0
MARSHALL,13761.0,8712.0,142.0,93028.0,0,0,0
MARUTI,631651.0,255032.0,71267.0,688174.0,0,0,0
MASFIN,33361.0,14436.0,2739.0,54412.0,0,0,0
MASKINVEST,13.0,13.0,1.0,215.0,0,0,0
MASPTOP50,92219.0,52836.0,454.0,386418.0,0,0,0
MASTEK,39732.0,15091.0,5657.0,98784.0,0,0,0
MATRIMONY,17868.0,7447.0,2415.0,58477.0,0,0,0
MAWANASUG,98870.0,52370.0,1822.0,93105.0,0,0,0
MAXHEALTH,453071.0,230744.0,13376.0,2187127.0,0,0,0
MAXIND,33818.0,27181.0,212.0,617641.0,0,0,0
MAXVIL,46352.0,24290.0,876.0,51371.0,0,0,0
MAYURUNIQ,66955.0,32395.0,3350.0,236477.0,0,0,0
MAZDA,2013.0,1368.0,167.0,3344.0,0,0,0
MAZDOCK,171135.0,64614.0,5078.0,115707.0,0,0,0
MBAPL,9514.0,9514.0,229.0,21693.0,0,0,0
MBECL,72203.0,72203.0,136.0,197075.0,0,0,0
MBLINFRA,42336.0,25305.0,313.0,68997.0,0,0,0
MCDOWELL-N,1008213.0,385053.0,39341.0,1549953.0,0,0,0
MCL,8695.0,6005.0,106.0,18552.0,0,0,0
MCLEODRUSS,316049.0,197373.0,1186.0,878157.0,0,0,0
MCX,160226.0,38007.0,12304.0,227415.0,0,0,0
MEDICAMEQ,7640.0,3941.0,827.0,22323.0,0,0,0
MEDICO,1929.0,975.0,82.0,2990.0,0,0,0
MEDPLUS,48819.0,21857.0,5849.0,76296.0,0,0,0
MEGASOFT,101126.0,65512.0,767.0,117145.0,0,0,0
MEGASTAR,7045.0,5284.0,259.0,36303.0,0,0,0
MENONBE,18873.0,11923.0,350.0,71695.0,0,0,0
MEP,105916.0,67566.0,410.0,438101.0,0,0,0
MERCATOR,244500.0,244500.0,219.0,438120.0,0,0,0
METROBRAND,73824.0,21037.0,4454.0,360085.0,0,0,0
METROPOLIS,291245.0,87300.0,15936.0,153154.0,0,0,0
MFL,147815.0,47929.0,9894.0,95360.0,0,0,0
MFSL,303330.0,159275.0,12240.0,656621.0,0,0,0
MGEL,67026.0,15541.0,526.0,112205.0,0,0,0
MGL,198653.0,36038.0,7149.0,161549.0,0,0,0
MHHL,12857.0,11142.0,4.0,93000.0,0,0,0
MHLXMIRU,3784.0,2051.0,125.0,23953.0,0,0,0
MHRIL,190872.0,72595.0,6371.0,223254.0,0,0,0
MICEL,54813.0,54813.0,337.0,186901.0,0,0,0
MID150BEES,73124.0,43837.0,1873.0,462331.0,0,0,0
MIDHANI,66088.0,33659.0,2216.0,93436.0,0,0,0
MINDACORP,663561.0,229931.0,10351.0,622640.0,0,0,0
MINDAIND,222582.0,108590.0,13999.0,473167.0,0,0,0
MINDTECK,30494.0,16057.0,965.0,163955.0,0,0,0
MINDTREE,463311.0,104752.0,34337.0,580986.0,0,0,0
MIRCELECTR,204750.0,138739.0,732.0,375408.0,0,0,0
MIRZAINT,870470.0,262207.0,17876.0,1055348.0,0,0,0
MITCON,6278.0,3509.0,109.0,12325.0,0,0,0
MITTAL,13239.0,11356.0,133.0,270117.0,0,0,0
MKPL,2285.0,2285.0,1.0,40000.0,0,0,0
MMFL,24752.0,14518.0,1872.0,63464.0,0,0,0
MMP,27326.0,15376.0,671.0,82234.0,0,0,0
MMTC,800118.0,244338.0,3944.0,1430576.0,0,0,0
MODIRUBBER,727.0,727.0,22.0,2790.0,0,0,0
MODISNME,12925.0,8451.0,369.0,23198.0,0,0,0
MOGSEC,6770.0,2516.0,40.0,559295.0,0,0,0
MOHITIND,11511.0,6797.0,149.0,33400.0,0,0,0
MOIL,107957.0,55659.0,3057.0,103277.0,0,0,0
MOKSH,666549.0,464111.0,1189.0,1648391.0,0,0,0
MOL,1290284.0,415796.0,9597.0,987832.0,0,0,0
MOLDTECH,55513.0,27359.0,1438.0,115782.0,0,0,0
MOLDTKPAC,34265.0,16188.0,3648.0,54466.0,0,0,0
MOLOWVOL,143.0,113.0,8.0,1394.0,0,0,0
MOM100,91338.0,71647.0,716.0,356744.0,0,0,0
MOM50,1001.0,481.0,57.0,14180.0,0,0,0
MOMOMENTUM,5578.0,4672.0,162.0,13886.0,0,0,0
MON100,305003.0,214622.0,5997.0,1010687.0,0,0,0
MONARCH,13883.0,8656.0,667.0,32030.0,0,0,0
MONQ50,5149.0,3402.0,145.0,15752.0,0,0,0
MONTECARLO,117971.0,40283.0,7293.0,163897.0,0,0,0
MORARJEE,4538.0,4538.0,51.0,14610.0,0,0,0
MOREPENLAB,672248.0,301741.0,4404.0,983300.0,0,0,0
MOTHERSON,3562922.0,1824272.0,25442.0,4511024.0,0,0,0
MOTILALOFS,33051.0,11209.0,2895.0,83600.0,0,0,0
MOTOGENFIN,3050.0,2025.0,60.0,72151.0,0,0,0
MPHASIS,408466.0,147004.0,28236.0,550877.0,0,0,0
MPSLTD,16573.0,9737.0,1676.0,20883.0,0,0,0
MRF,7564.0,1684.0,4546.0,6428.0,0,0,0
MRO-TEK,15686.0,7831.0,314.0,117750.0,0,0,0
MRPL,15305045.0,3546559.0,58431.0,6826395.0,0,0,0
MSPL,310985.0,193768.0,788.0,368904.0,0,0,0
MSTCLTD,149400.0,69383.0,4651.0,169425.0,0,0,0
MSUMI,3893228.0,2459609.0,31612.0,10389866.0,0,0,0
MTARTECH,61541.0,19487.0,7183.0,336010.0,0,0,0
MTEDUCARE,197590.0,107839.0,438.0,1222313.0,0,0,0
MTNL,606442.0,314802.0,1947.0,5887286.0,0,0,0
MUKANDLTD,40527.0,29425.0,705.0,109089.0,0,0,0
MUKTAARTS,7982.0,6787.0,59.0,21253.0,0,0,0
MUNJALAU,33675.0,20008.0,619.0,268307.0,0,0,0
MUNJALSHOW,20493.0,11336.0,436.0,106333.0,0,0,0
MURUDCERA,20976.0,12520.0,188.0,58496.0,0,0,0
MUTHOOTCAP,10060.0,6567.0,515.0,46744.0,0,0,0
MUTHOOTFIN,648299.0,312423.0,31177.0,1164204.0,0,0,0
NACLIND,32128.0,20559.0,558.0,74768.0,0,0,0
NAGAFERT,222778.0,222778.0,624.0,397849.0,0,0,0
NAGREEKCAP,1376.0,1376.0,14.0,12383.0,0,0,0
NAGREEKEXP,16182.0,9204.0,222.0,61480.0,0,0,0
NAHARCAP,13798.0,6105.0,1353.0,47067.0,0,0,0
NAHARINDUS,54641.0,26411.0,1341.0,141054.0,0,0,0
NAHARPOLY,22509.0,10989.0,921.0,34818.0,0,0,0
NAHARSPING,42726.0,26750.0,1130.0,65586.0,0,0,0
NAM-INDIA,402643.0,133631.0,5299.0,438085.0,0,0,0
NATCOPHARM,122949.0,67860.0,6137.0,367174.0,0,0,0
NATHBIOGEN,16154.0,9636.0,546.0,41089.0,0,0,0
NATIONALUM,13267958.0,3498861.0,40217.0,9902338.0,0,0,0
NAUKRI,439324.0,119735.0,39046.0,255772.0,0,0,0
NAVINFLUOR,87895.0,29110.0,8929.0,83303.0,0,0,0
NAVKARCORP,2288727.0,753363.0,6763.0,2476274.0,0,0,0
NAVNETEDUL,185702.0,107270.0,4725.0,1171955.0,0,0,0
NAZARA,65293.0,25259.0,5014.0,274769.0,0,0,0
NBCC,2770351.0,953679.0,7381.0,3896950.0,0,0,0
NBIFIN,68.0,50.0,14.0,482.0,0,0,0
NBVENTURES,716380.0,224770.0,10427.0,789051.0,0,0,0
NCC,1732703.0,744166.0,7806.0,1308113.0,0,0,0
NCLIND,57015.0,33670.0,1748.0,83698.0,0,0,0
NDGL,315.0,46.0,50.0,448.0,0,0,0
NDL,116806.0,73319.0,1099.0,296417.0,0,0,0
NDRAUTO,10213.0,2590.0,339.0,16029.0,0,0,0
NDTV,346314.0,66426.0,8112.0,179243.0,0,0,0
NECCLTD,55144.0,32903.0,307.0,191754.0,0,0,0
NECLIFE,124043.0,66789.0,912.0,159040.0,0,0,0
NELCAST,23977.0,14395.0,714.0,248695.0,0,0,0
NELCO,40143.0,19555.0,2707.0,37287.0,0,0,0
NEOGEN,14952.0,6101.0,2881.0,130460.0,0,0,0
NESCO,22038.0,9930.0,1641.0,37637.0,0,0,0
NESTLEIND,57382.0,27419.0,15183.0,89122.0,0,0,0
NETF,1760.0,1143.0,93.0,3729.0,0,0,0
NETWORK18,1241135.0,368940.0,7575.0,1034679.0,0,0,0
NEULANDLAB,18199.0,8619.0,2512.0,53139.0,0,0,0
NEWGEN,64946.0,32123.0,6074.0,78576.0,0,0,0
NEXTMEDIA,2325.0,2325.0,20.0,17371.0,0,0,0
NFL,842042.0,315698.0,4536.0,462581.0,0,0,0
NGIL,6389.0,7929.0,130.0,186621.0,0,0,0
NGLFINE,1741.0,1088.0,325.0,1635.0,0,0,0
NH,98578.0,63904.0,8910.0,214564.0,0,0,0
NHPC,4179750.0,2171125.0,10638.0,10964292.0,0,0,0
NIACL,277447.0,148441.0,6731.0,270685.0,0,0,0
NIBL,6497.0,4631.0,91.0,22450.0,0,0,0
NIDAN,8607.0,6714.0,8.0,18000.0,0,0,0
NIF100BEES,4124.0,3084.0,143.0,28637.0,0,0,0
NIFTYBEES,2781854.0,1724054.0,28057.0,9538287.0,0,0,0
NIITLTD,243816.0,120397.0,12221.0,309841.0,0,0,0
NILAINFRA,90536.0,59952.0,246.0,461005.0,0,0,0
NILASPACES,159728.0,139951.0,290.0,370747.0,0,0,0
NILKAMAL,2242.0,1107.0,597.0,5203.0,0,0,0
NIPPOBATRY,2825.0,1396.0,359.0,6793.0,0,0,0
NIRAJ,3693.0,2248.0,94.0,9610.0,0,0,0
NITCO,29420.0,17504.0,269.0,31286.0,0,0,0
NITINSPIN,84058.0,48697.0,3031.0,97489.0,0,0,0
NITIRAJ,2608.0,1683.0,75.0,11581.0,0,0,0
NKIND,406.0,386.0,8.0,1122.0,0,0,0
NLCINDIA,2553501.0,865405.0,13977.0,2283484.0,0,0,0
NMDC,8533815.0,2790658.0,39164.0,10344535.0,0,0,0
NOCIL,686114.0,224214.0,13824.0,906183.0,0,0,0
NOIDATOLL,331787.0,152718.0,553.0,870055.0,0,0,0
NOVARTIND,5919.0,3407.0,577.0,34557.0,0,0,0
NPBET,111.0,87.0,32.0,5068.0,0,0,0
NPST,5942.0,5200.0,2.0,68800.0,0,0,0
NRAIL,4625.0,2196.0,237.0,9867.0,0,0,0
NRBBEARING,84863.0,38885.0,2667.0,503090.0,0,0,0
NRL,28966.0,18975.0,23.0,90200.0,0,0,0
NSIL,862.0,490.0,264.0,2664.0,0,0,0
NTPC,15307842.0,7934127.0,68555.0,35645079.0,0,0,0
NUCLEUS,9840.0,4986.0,778.0,57170.0,0,0,0
NURECA,7829.0,2817.0,1463.0,7143.0,0,0,0
NUVOCO,191106.0,91596.0,6520.0,962854.0,0,0,0
NV20BEES,3811.0,3484.0,119.0,32612.0,0,0,0
NXTDIGITAL,3849.0,2296.0,295.0,27489.0,0,0,0
NYKAA,346221.0,104345.0,22985.0,2635982.0,0,0,0
OAL,9592.0,4752.0,868.0,14545.0,0,0,0
OBCL,5492.0,3752.0,141.0,53654.0,0,0,0
OBEROIRLTY,637042.0,258700.0,21101.0,522263.0,0,0,0
OCCL,4243.0,3195.0,387.0,10302.0,0,0,0
OFSS,57418.0,25779.0,8305.0,60993.0,0,0,0
OIL,7023477.0,1220876.0,66679.0,3702538.0,0,0,0
OILCOUNTUB,5822.0,5822.0,44.0,34464.0,0,0,0
OLECTRA,228429.0,123600.0,7110.0,245773.0,0,0,0
OMAXAUTO,15960.0,9492.0,260.0,91680.0,0,0,0
OMAXE,145279.0,47984.0,2718.0,260971.0,0,0,0
OMINFRAL,38988.0,27211.0,436.0,86378.0,0,0,0
OMKARCHEM,25888.0,16486.0,201.0,54633.0,0,0,0
ONELIFECAP,10717.0,7436.0,68.0,43437.0,0,0,0
ONEPOINT,118719.0,88343.0,205.0,1023412.0,0,0,0
ONGC,25667456.0,9523709.0,136566.0,60529306.0,0,0,0
ONMOBILE,741921.0,161656.0,7221.0,257709.0,0,0,0
ONWARDTEC,8579.0,4704.0,508.0,19326.0,0,0,0
OPTIEMUS,197379.0,91335.0,5516.0,333170.0,0,0,0
ORBTEXP,14090.0,8855.0,331.0,25593.0,0,0,0
ORCHPHARMA,1333.0,1333.0,69.0,3671.0,0,0,0
ORICONENT,54549.0,34363.0,391.0,117788.0,0,0,0
ORIENTABRA,27962.0,15851.0,324.0,42345.0,0,0,0
ORIENTALTL,44926.0,32655.0,184.0,96180.0,0,0,0
ORIENTBELL,30705.0,12998.0,2319.0,80813.0,0,0,0
ORIENTCEM,332455.0,147345.0,5519.0,688323.0,0,0,0
ORIENTELEC,66455.0,28247.0,2390.0,1074959.0,0,0,0
ORIENTHOT,69399.0,38410.0,921.0,384946.0,0,0,0
ORIENTLTD,1971.0,1378.0,102.0,7195.0,0,0,0
ORIENTPPR,670243.0,330251.0,2054.0,686235.0,0,0,0
ORISSAMINE,1318.0,1318.0,186.0,3347.0,0,0,0
ORTINLAB,19171.0,10410.0,305.0,67969.0,0,0,0
OSWALAGRO,163205.0,96103.0,1182.0,482843.0,0,0,0
PAGEIND,14936.0,6576.0,7055.0,38700.0,0,0,0
PAISALO,43600.0,25010.0,1532.0,588411.0,0,0,0
PALASHSECU,483.0,483.0,15.0,4544.0,0,0,0
PALREDTEC,3863.0,3863.0,72.0,16674.0,0,0,0
PANACEABIO,31675.0,18560.0,882.0,54315.0,0,0,0
PANACHE,1348.0,1163.0,24.0,3578.0,0,0,0
PANAMAPET,78317.0,33116.0,3968.0,48889.0,0,0,0
PANSARI,327.0,285.0,19.0,1308.0,0,0,0
PAR,6908.0,4296.0,149.0,129042.0,0,0,0
PARACABLES,96374.0,63902.0,343.0,197033.0,0,0,0
PARADEEP,2193274.0,1178767.0,10284.0,2269298.0,0,0,0
PARAGMILK,125605.0,70138.0,1850.0,747044.0,0,0,0
PARAS,56455.0,20085.0,4700.0,60852.0,0,0,0
PARSVNATH,222366.0,123054.0,435.0,924560.0,0,0,0
PARTYCRUS,4000.0,3714.0,1.0,6000.0,0,0,0
PASHUPATI,5028.0,1828.0,3.0,48000.0,0,0,0
PASUPTAC,45803.0,27832.0,544.0,57975.0,0,0,0
PATANJALI,133452.0,133452.0,3015.0,133452.0,0,0,0
PATELENG,466739.0,295562.0,1332.0,621407.0,0,0,0
PATINTLOG,70950.0,52048.0,351.0,622583.0,0,0,0
PAYTM,2295682.0,443036.0,49021.0,3804127.0,0,0,0
PBAINFRA,5603.0,3627.0,50.0,111608.0,0,0,0
PCBL,349456.0,140179.0,4992.0,1432178.0,0,0,0
PCJEWELLER,934491.0,735674.0,3266.0,5330750.0,0,0,0
PDMJEPAPER,79942.0,44758.0,839.0,125115.0,0,0,0
PDSL,2553.0,1903.0,387.0,15572.0,0,0,0
PEARLPOLY,62225.0,34942.0,504.0,182045.0,0,0,0
PEL,474373.0,141946.0,26010.0,516043.0,0,0,0
PENIND,234899.0,159754.0,1084.0,954755.0,0,0,0
PENINLAND,54622.0,46237.0,133.0,130291.0,0,0,0
PERSISTENT,187709.0,78188.0,20730.0,170102.0,0,0,0
PETRONET,1727773.0,757857.0,20764.0,2804324.0,0,0,0
PFC,2666811.0,1336151.0,14803.0,2649568.0,0,0,0
PFIZER,7751.0,3281.0,1821.0,36885.0,0,0,0
PFOCUS,19137.0,11915.0,296.0,77107.0,0,0,0
PFS,282675.0,193558.0,797.0,2238731.0,0,0,0
PGEL,27503.0,14006.0,2194.0,49358.0,0,0,0
PGHH,2850.0,1601.0,1401.0,24700.0,0,0,0
PGHL,3013.0,1661.0,1324.0,49109.0,0,0,0
PGIL,5037.0,2780.0,401.0,13464.0,0,0,0
PHARMABEES,238812.0,170644.0,845.0,581554.0,0,0,0
PHOENIXLTD,200310.0,117102.0,15594.0,476117.0,0,0,0
PIDILITIND,354182.0,127296.0,29007.0,483774.0,0,0,0
PIGL,5142.0,5142.0,2.0,66000.0,0,0,0
PIIND,174972.0,79935.0,19196.0,145750.0,0,0,0
PILANIINVS,1019.0,680.0,287.0,3347.0,0,0,0
PILITA,231106.0,154847.0,696.0,319150.0,0,0,0
PIONDIST,1158.0,624.0,51.0,14391.0,0,0,0
PIONEEREMB,13205.0,8471.0,185.0,34251.0,0,0,0
PITTIENG,185800.0,62491.0,10553.0,372700.0,0,0,0
PIXTRANS,7961.0,5222.0,1208.0,11290.0,0,0,0
PLASTIBLEN,7707.0,4787.0,228.0,59697.0,0,0,0
PNB,19058755.0,3601162.0,27908.0,9084361.0,0,0,0
PNBGILTS,119771.0,69514.0,1666.0,171741.0,0,0,0
PNBHOUSING,152750.0,49188.0,5113.0,183193.0,0,0,0
PNC,5443.0,5443.0,62.0,16406.0,0,0,0
PNCINFRA,168562.0,74682.0,5239.0,1193761.0,0,0,0
PODDARHOUS,1470.0,878.0,82.0,5881.0,0,0,0
PODDARMENT,2337.0,1490.0,160.0,4582.0,0,0,0
POKARNA,38433.0,20949.0,2803.0,139205.0,0,0,0
POLICYBZR,759394.0,468863.0,22782.0,6203846.0,0,0,0
POLYCAB,246312.0,86269.0,17753.0,211646.0,0,0,0
POLYMED,26008.0,9487.0,3990.0,63846.0,0,0,0
POLYPLEX,144269.0,55725.0,13717.0,168914.0,0,0,0
PONNIERODE,17136.0,9088.0,759.0,22272.0,0,0,0
POONAWALLA,2724415.0,759637.0,20310.0,3045082.0,0,0,0
POWERGRID,8237352.0,5315313.0,57208.0,18438829.0,0,0,0
POWERINDIA,24239.0,8466.0,4623.0,29039.0,0,0,0
POWERMECH,16807.0,9522.0,1746.0,37025.0,0,0,0
PPAP,2377.0,1494.0,151.0,6634.0,0,0,0
PPL,74926.0,26517.0,4828.0,58839.0,0,0,0
PRAENG,25868.0,19875.0,87.0,92922.0,0,0,0
PRAJIND,628193.0,234926.0,16928.0,851680.0,0,0,0
PRAKASH,477169.0,201645.0,3294.0,500096.0,0,0,0
PRAKASHSTL,616193.0,338986.0,1129.0,661871.0,0,0,0
PRAXIS,6784.0,4321.0,130.0,105316.0,0,0,0
PRECAM,69083.0,38839.0,1730.0,140373.0,0,0,0
PRECISION,12344.0,9724.0,6.0,18000.0,0,0,0
PRECOT,3003.0,1978.0,154.0,4041.0,0,0,0
PRECWIRE,80064.0,52792.0,1291.0,117830.0,0,0,0
PREMEXPLN,2754.0,2443.0,74.0,16530.0,0,0,0
PREMIER,13822.0,13822.0,37.0,31859.0,0,0,0
PREMIERPOL,12671.0,6501.0,379.0,81171.0,0,0,0
PRESSMN,30476.0,18245.0,402.0,381091.0,0,0,0
PRESTIGE,212384.0,99687.0,10048.0,931692.0,0,0,0
PRICOLLTD,810214.0,324926.0,6884.0,810876.0,0,0,0
PRIMESECU,32043.0,23238.0,354.0,79410.0,0,0,0
PRINCEPIPE,99707.0,42563.0,8142.0,327269.0,0,0,0
PRITI,44893.0,32848.0,470.0,229753.0,0,0,0
PRITIKAUTO,62647.0,45151.0,272.0,160724.0,0,0,0
PRIVISCL,13868.0,5445.0,2180.0,41520.0,0,0,0
PROZONINTU,81777.0,58457.0,704.0,129933.0,0,0,0
PRSMJOHNSN,85194.0,43592.0,1969.0,354788.0,0,0,0
PRUDENT,40039.0,13635.0,2842.0,100611.0,0,0,0
PSB,127931.0,73400.0,600.0,320177.0,0,0,0
PSPPROJECT,91154.0,42085.0,3935.0,259255.0,0,0,0
PSUBNKBEES,451248.0,288525.0,1345.0,2262741.0,0,0,0
PTC,484525.0,262689.0,5654.0,1003868.0,0,0,0
PTL,86759.0,51383.0,1143.0,140454.0,0,0,0
PUNJABCHEM,2708.0,1714.0,466.0,14382.0,0,0,0
PURVA,45465.0,20590.0,995.0,137944.0,0,0,0
PVP,41078.0,34140.0,80.0,141154.0,0,0,0
PVR,404592.0,123949.0,15728.0,429223.0,0,0,0
QGOLDHALF,19104.0,15065.0,298.0,248337.0,0,0,0
QNIFTY,109.0,88.0,26.0,1762.0,0,0,0
QUADPRO,13153.0,10153.0,2.0,48000.0,0,0,0
QUESS,46153.0,16357.0,4285.0,240131.0,0,0,0
QUICKHEAL,29975.0,13709.0,1086.0,29869.0,0,0,0
RADAAN,470.0,470.0,2.0,58714.0,0,0,0
RADICO,146729.0,52165.0,9582.0,512987.0,0,0,0
RADIOCITY,59217.0,43749.0,233.0,3029220.0,0,0,0
RAILTEL,356954.0,125579.0,4680.0,400494.0,0,0,0
RAIN,1610166.0,397889.0,13870.0,1144856.0,0,0,0
RAINBOW,89802.0,43399.0,6626.0,158060.0,0,0,0
RAJESHEXPO,83297.0,25250.0,5562.0,532758.0,0,0,0
RAJMET,14938.0,5945.0,474.0,58229.0,0,0,0
RAJRATAN,30006.0,19306.0,2498.0,161475.0,0,0,0
RAJSREESUG,27713.0,17437.0,285.0,36917.0,0,0,0
RAJTV,3129.0,2169.0,67.0,7830.0,0,0,0
RALLIS,191005.0,80791.0,4907.0,193445.0,0,0,0
RAMANEWS,25810.0,14259.0,264.0,59388.0,0,0,0
RAMASTEEL,68916.0,19276.0,1369.0,126880.0,0,0,0
RAMCOCEM,352694.0,115391.0,11574.0,463591.0,0,0,0
RAMCOIND,32490.0,18701.0,1012.0,43819.0,0,0,0
RAMCOSYS,46257.0,15589.0,1982.0,282068.0,0,0,0
RAMKY,32080.0,19073.0,754.0,77080.0,0,0,0
RANASUG,696957.0,302490.0,3620.0,448939.0,0,0,0
RANEENGINE,1898.0,1286.0,143.0,31678.0,0,0,0
RANEHOLDIN,6998.0,4935.0,360.0,24743.0,0,0,0
RATEGAIN,108866.0,36995.0,4034.0,789842.0,0,0,0
RATNAMANI,33105.0,7718.0,5695.0,116676.0,0,0,0
RAYMOND,386861.0,148229.0,17883.0,283271.0,0,0,0
RBA,818082.0,401106.0,10174.0,1089233.0,0,0,0
RBL,6298.0,3305.0,727.0,33868.0,0,0,0
RBLBANK,13961565.0,2866892.0,44732.0,8695851.0,0,0,0
RCF,2149569.0,628510.0,12995.0,1022366.0,0,0,0
RCOM,2072110.0,2072110.0,3104.0,3522225.0,0,0,0
RECLTD,3336766.0,1448156.0,19678.0,11292206.0,0,0,0
REDINGTON,1468494.0,700502.0,16144.0,1680931.0,0,0,0
REFEX,24294.0,17753.0,897.0,74628.0,0,0,0
REGENCERAM,123.0,123.0,1.0,501.0,0,0,0
RELAXO,70684.0,29136.0,8732.0,68089.0,0,0,0
RELCAPITAL,375404.0,375404.0,1437.0,721380.0,0,0,0
RELCHEMQ,3425.0,1711.0,245.0,34533.0,0,0,0
RELIABLE,2800.0,2800.0,1.0,38400.0,0,0,0
RELIANCE,7704126.0,3669527.0,275853.0,16124097.0,0,0,0
RELIGARE,792098.0,267259.0,8423.0,1080536.0,0,0,0
RELINFRA,1499100.0,671248.0,10283.0,1233137.0,0,0,0
REMSONSIND,2345.0,1343.0,124.0,12546.0,0,0,0
RENUKA,18437646.0,3664153.0,37218.0,6157369.0,0,0,0
REPCOHOME,127665.0,75494.0,5645.0,745719.0,0,0,0
REPL,7949.0,5265.0,308.0,55941.0,0,0,0
REPRO,1403.0,812.0,109.0,1962.0,0,0,0
RESPONIND,60557.0,9336.0,3088.0,92625.0,0,0,0
REVATHI,1016.0,785.0,97.0,2077.0,0,0,0
REXPIPES,13692.0,10666.0,3.0,28000.0,0,0,0
RGL,37024.0,4618.0,1770.0,25546.0,0,0,0
RHFL,553439.0,384935.0,888.0,1393113.0,0,0,0
RHIM,146959.0,50823.0,7975.0,118394.0,0,0,0
RICHA,1750.0,1384.0,1.0,24000.0,0,0,0
RICOAUTO,590472.0,286867.0,3483.0,663098.0,0,0,0
RIIL,1002396.0,122774.0,28490.0,396177.0,0,0,0
RILINFRA,31083.0,14454.0,22.0,139000.0,0,0,0
RITCO,19306.0,13012.0,319.0,84171.0,0,0,0
RITES,89666.0,55265.0,3314.0,608486.0,0,0,0
RKDL,6340.0,5652.0,52.0,28420.0,0,0,0
RKEC,14423.0,8555.0,195.0,80387.0,0,0,0
RKFORGE,169749.0,83029.0,3486.0,286942.0,0,0,0
RML,6285.0,3095.0,339.0,50298.0,0,0,0
ROHLTD,30626.0,18190.0,570.0,87210.0,0,0,0
ROLEXRINGS,57397.0,23237.0,8577.0,114379.0,0,0,0
ROLLT,826467.0,426338.0,432.0,2350735.0,0,0,0
ROLTA,163621.0,98560.0,356.0,161772.0,0,0,0
ROML,2681.0,2681.0,67.0,7048.0,0,0,0
ROSSARI,18821.0,8517.0,3074.0,37531.0,0,0,0
ROSSELLIND,20955.0,12762.0,584.0,63869.0,0,0,0
ROTO,21334.0,12947.0,1319.0,291519.0,0,0,0
ROUTE,216341.0,78256.0,15337.0,201887.0,0,0,0
RPGLIFE,8037.0,4483.0,557.0,15397.0,0,0,0
RPOWER,9955668.0,4110939.0,11503.0,10873166.0,0,0,0
RPPINFRA,48432.0,28134.0,600.0,68471.0,0,0,0
RPPL,6842.0,4230.0,229.0,60517.0,0,0,0
RPSGVENT,19945.0,9631.0,1459.0,24154.0,0,0,0
RSSOFTWARE,24968.0,15258.0,369.0,343226.0,0,0,0
RSWM,73868.0,28932.0,4589.0,55255.0,0,0,0
RSYSTEMS,27477.0,12426.0,1687.0,137810.0,0,0,0
RTNINDIA,1740213.0,824823.0,7183.0,1594583.0,0,0,0
RTNPOWER,11922639.0,6700620.0,7701.0,11054477.0,0,0,0
RUBYMILLS,8769.0,4268.0,538.0,10635.0,0,0,0
RUCHINFRA,48772.0,48772.0,239.0,83314.0,0,0,0
RUCHIRA,66301.0,31793.0,1698.0,212417.0,0,0,0
RUPA,213459.0,91853.0,5608.0,429349.0,0,0,0
RUSHIL,24981.0,15504.0,1441.0,48726.0,0,0,0
RVHL,4901.0,4901.0,35.0,38972.0,0,0,0
RVNL,968433.0,485695.0,7210.0,850403.0,0,0,0
SABEVENTS,8957.0,6837.0,47.0,46005.0,0,0,0
SADBHAV,512289.0,325450.0,2421.0,3720660.0,0,0,0
SADBHIN,190618.0,150611.0,520.0,422393.0,0,0,0
SAFARI,6620.0,3503.0,1049.0,21140.0,0,0,0
SAGARDEEP,27013.0,9886.0,696.0,26154.0,0,0,0
SAGCEM,31021.0,16878.0,1620.0,522967.0,0,0,0
SAIL,25782283.0,5202633.0,63303.0,19817643.0,0,0,0
SAKAR,28806.0,20560.0,738.0,148557.0,0,0,0
SAKHTISUG,129161.0,75147.0,587.0,170256.0,0,0,0
SAKSOFT,21738.0,9025.0,2630.0,34475.0,0,0,0
SAKUMA,330647.0,214194.0,1057.0,535954.0,0,0,0
SALASAR,64182.0,29137.0,1598.0,2609583.0,0,0,0
SALONA,2040.0,1134.0,128.0,5282.0,0,0,0
SALSTEEL,84129.0,48392.0,375.0,102112.0,0,0,0
SALZERELEC,16019.0,9859.0,501.0,20229.0,0,0,0
SAMBHAAV,51356.0,29450.0,132.0,214584.0,0,0,0
SANCO,23235.0,16023.0,122.0,69455.0,0,0,0
SANDESH,783.0,433.0,160.0,980.0,0,0,0
SANDHAR,10451.0,6663.0,535.0,152554.0,0,0,0
SANGAMIND,13154.0,6543.0,758.0,10907.0,0,0,0
SANGHIIND,299702.0,187328.0,1800.0,896541.0,0,0,0
SANGHVIMOV,96815.0,49699.0,3366.0,203604.0,0,0,0
SANGINITA,11456.0,7037.0,120.0,39886.0,0,0,0
SANOFI,4506.0,2659.0,1693.0,108993.0,0,0,0
SANSERA,33560.0,13554.0,4641.0,112184.0,0,0,0
SAPPHIRE,96683.0,51422.0,9432.0,109069.0,0,0,0
SARDAEN,27103.0,10937.0,2892.0,23986.0,0,0,0
SAREGAMA,123731.0,77549.0,6897.0,390295.0,0,0,0
SARLAPOLY,52129.0,30030.0,781.0,71518.0,0,0,0
SARVESHWAR,10742.0,5866.0,3.0,268800.0,0,0,0
SASKEN,5910.0,2963.0,776.0,7908.0,0,0,0
SASTASUNDR,15504.0,6916.0,692.0,82019.0,0,0,0
SATIA,372670.0,162439.0,5427.0,338830.0,0,0,0
SATIN,76587.0,48834.0,1072.0,296320.0,0,0,0
SBC,605226.0,390166.0,967.0,1112925.0,0,0,0
SBCL,22799.0,11374.0,2438.0,45346.0,0,0,0
SBICARD,804377.0,363037.0,34426.0,2289237.0,0,0,0
SBIETFCON,2140.0,1873.0,76.0,781271.0,0,0,0
SBIETFIT,12626.0,5247.0,254.0,802678.0,0,0,0
SBIETFPB,2225.0,1102.0,46.0,8744.0,0,0,0
SBIETFQLTY,2479.0,2024.0,77.0,26384.0,0,0,0
SBILIFE,909806.0,501609.0,44919.0,960464.0,0,0,0
SBIN,11223501.0,4418496.0,142698.0,7966400.0,0,0,0
SCAPDVR,34774.0,29540.0,149.0,86428.0,0,0,0
SCHAEFFLER,63269.0,40535.0,8732.0,131571.0,0,0,0
SCHAND,41325.0,22058.0,1061.0,91636.0,0,0,0
SCHNEIDER,251689.0,90126.0,4019.0,436127.0,0,0,0
SCI,777829.0,330380.0,6480.0,1000882.0,0,0,0
SDBL,63516.0,63516.0,440.0,329820.0,0,0,0
SDL24BEES,392.0,383.0,9.0,205311.0,0,0,0
SDL26BEES,189.0,173.0,16.0,674461.0,0,0,0
SEAMECLTD,5860.0,3255.0,641.0,17583.0,0,0,0
SECL,6324.0,5083.0,4.0,27000.0,0,0,0
SECURKLOUD,27422.0,20325.0,417.0,42416.0,0,0,0
SEJALLTD,1736.0,1736.0,67.0,4822.0,0,0,0
SELAN,68387.0,36454.0,1248.0,172198.0,0,0,0
SEPC,300760.0,240147.0,438.0,2172670.0,0,0,0
SEPOWER,25677.0,16345.0,200.0,36881.0,0,0,0
SEQUENT,810255.0,377472.0,13695.0,899525.0,0,0,0
SERVOTECH,63203.0,7494.0,223.0,19531.0,0,0,0
SESHAPAPER,29015.0,13670.0,915.0,119965.0,0,0,0
SETCO,63114.0,44828.0,374.0,246155.0,0,0,0
SETF10GILT,113.0,106.0,8.0,50370.0,0,0,0
SETFGOLD,560612.0,424496.0,1317.0,8989360.0,0,0,0
SETFNIF50,318886.0,212029.0,2052.0,1864234.0,0,0,0
SETFNIFBK,56297.0,34159.0,645.0,305309.0,0,0,0
SETFNN50,21800.0,11625.0,707.0,143763.0,0,0,0
SETUINFRA,72057.0,63571.0,105.0,129655.0,0,0,0
SEYAIND,14954.0,14954.0,149.0,44645.0,0,0,0
SFL,7619.0,3995.0,3032.0,83113.0,0,0,0
SGIL,2259.0,1454.0,106.0,10770.0,0,0,0
SGL,8399.0,4499.0,135.0,45534.0,0,0,0
SHAHALLOYS,45312.0,25220.0,598.0,49118.0,0,0,0
SHAILY,613.0,461.0,164.0,15856.0,0,0,0
SHAKTIPUMP,25969.0,12433.0,1975.0,62088.0,0,0,0
SHALBY,44755.0,23195.0,1128.0,74546.0,0,0,0
SHALPAINTS,81723.0,43940.0,1503.0,738293.0,0,0,0
SHANKARA,45964.0,23603.0,3147.0,57591.0,0,0,0
SHANTI,24287.0,19102.0,95.0,64627.0,0,0,0
SHANTIGEAR,129959.0,45764.0,4620.0,159151.0,0,0,0
SHARDACROP,234372.0,72656.0,9938.0,213405.0,0,0,0
SHARDAMOTR,15875.0,8955.0,1090.0,55415.0,0,0,0
SHAREINDIA,18517.0,12671.0,1728.0,44866.0,0,0,0
SHARIABEES,819.0,407.0,59.0,15229.0,0,0,0
SHEMAROO,14169.0,9642.0,503.0,43595.0,0,0,0
SHIGAN,22920.0,18692.0,7.0,63000.0,0,0,0
SHILPAMED,53832.0,20892.0,2442.0,69615.0,0,0,0
SHIVALIK,2890.0,1854.0,297.0,9398.0,0,0,0
SHIVAMAUTO,62845.0,44071.0,429.0,585590.0,0,0,0
SHIVAMILLS,6885.0,4165.0,207.0,10307.0,0,0,0
SHIVATEX,5740.0,3242.0,270.0,6435.0,0,0,0
SHK,79603.0,50110.0,1754.0,615991.0,0,0,0
SHOPERSTOP,108528.0,32598.0,5018.0,249830.0,0,0,0
SHRADHA,3386.0,2353.0,73.0,19432.0,0,0,0
SHREDIGCEM,84491.0,45467.0,1602.0,84466.0,0,0,0
SHREECEM,38698.0,12448.0,13341.0,63325.0,0,0,0
SHREEPUSHK,31910.0,15266.0,1454.0,56277.0,0,0,0
SHREERAMA,21454.0,14698.0,184.0,84518.0,0,0,0
SHRENIK,999168.0,621562.0,950.0,2457450.0,0,0,0
SHREYANIND,10420.0,6416.0,268.0,37233.0,0,0,0
SHREYAS,29037.0,15449.0,1522.0,38642.0,0,0,0
SHRIPISTON,83.0,83.0,8.0,471.0,0,0,0
SHRIRAMCIT,99858.0,55484.0,6470.0,380310.0,0,0,0
SHRIRAMPPS,180461.0,94623.0,2316.0,241683.0,0,0,0
SHUBHLAXMI,4333.0,4166.0,6.0,22000.0,0,0,0
SHYAMCENT,414079.0,274799.0,2007.0,700548.0,0,0,0
SHYAMMETL,84714.0,40337.0,2756.0,86390.0,0,0,0
SHYAMTEL,557.0,557.0,5.0,20180.0,0,0,0
SICAL,48582.0,48582.0,155.0,97337.0,0,0,0
SIEMENS,138536.0,58921.0,10770.0,266807.0,0,0,0
SIGACHI,25306.0,11719.0,1904.0,154353.0,0,0,0
SIGIND,12600.0,7542.0,180.0,98129.0,0,0,0
SIGMA,814.0,771.0,2.0,5400.0,0,0,0
SIKKO,1154.0,530.0,42.0,103668.0,0,0,0
SIL,131076.0,131076.0,298.0,942532.0,0,0,0
SILGO,24981.0,14066.0,269.0,32201.0,0,0,0
SILINV,367.0,235.0,45.0,1932.0,0,0,0
SILLYMONKS,2347.0,1379.0,34.0,120246.0,0,0,0
SILVER,43691.0,39023.0,262.0,207616.0,0,0,0
SILVERBEES,286228.0,209913.0,997.0,1076453.0,0,0,0
SILVERTUC,3272.0,1764.0,114.0,14831.0,0,0,0
SIMBHALS,18597.0,17515.0,119.0,48945.0,0,0,0
SIMPLEXINF,36052.0,29775.0,185.0,64056.0,0,0,0
SINTERCOM,1141.0,789.0,31.0,17274.0,0,0,0
SIRCA,10441.0,5948.0,492.0,20728.0,0,0,0
SIS,31072.0,20841.0,1906.0,135771.0,0,0,0
SITINET,961554.0,846125.0,724.0,2033243.0,0,0,0
SIYSIL,103112.0,30670.0,5388.0,174573.0,0,0,0
SJS,100144.0,44790.0,5621.0,127730.0,0,0,0
SJVN,984253.0,530645.0,4249.0,1601369.0,0,0,0
SKFINDIA,23486.0,11160.0,4344.0,51341.0,0,0,0
SKIPPER,48450.0,27985.0,727.0,145360.0,0,0,0
SKMEGGPROD,24728.0,12734.0,447.0,50867.0,0,0,0
SMARTLINK,5388.0,3723.0,239.0,86585.0,0,0,0
SMCGLOBAL,207473.0,154221.0,1063.0,708525.0,0,0,0
SMLISUZU,17588.0,8389.0,1219.0,26534.0,0,0,0
SMLT,3336.0,978.0,147.0,52355.0,0,0,0
SMSLIFE,1244.0,945.0,164.0,32962.0,0,0,0
SMSPHARMA,29759.0,18026.0,544.0,422336.0,0,0,0
SNOWMAN,193965.0,116705.0,1160.0,748836.0,0,0,0
SOBHA,170818.0,56057.0,7379.0,518650.0,0,0,0
SOFTTECH,521.0,521.0,18.0,2471.0,0,0,0
SOLARA,61883.0,27159.0,4768.0,134456.0,0,0,0
SOLARINDS,25533.0,11465.0,4631.0,47219.0,0,0,0
SOMANYCERA,5232.0,3393.0,1065.0,16011.0,0,0,0
SOMATEX,7776.0,6759.0,47.0,24255.0,0,0,0
SOMICONVEY,2616.0,1445.0,63.0,6780.0,0,0,0
SONACOMS,573737.0,257115.0,20706.0,472654.0,0,0,0
SONAHISONA,14285.0,12857.0,1.0,150000.0,0,0,0
SONAMCLOCK,2158.0,728.0,55.0,12661.0,0,0,0
SONATSOFTW,81456.0,33039.0,4619.0,197261.0,0,0,0
SONUINFRA,35125.0,31320.0,11.0,108000.0,0,0,0
SORILINFRA,13811.0,10751.0,349.0,61518.0,0,0,0
SOTL,5970.0,3627.0,806.0,8663.0,0,0,0
SOUTHBANK,2529708.0,1319840.0,8506.0,4876385.0,0,0,0
SOUTHWEST,6443.0,3634.0,168.0,15323.0,0,0,0
SPAL,49894.0,25878.0,3117.0,64180.0,0,0,0
SPANDANA,108102.0,32083.0,9017.0,377704.0,0,0,0
SPARC,295531.0,75552.0,3462.0,174357.0,0,0,0
SPCENET,5207.0,5207.0,6.0,17575.0,0,0,0
SPECIALITY,54549.0,25470.0,1444.0,122187.0,0,0,0
SPENCERS,88091.0,39431.0,1445.0,86223.0,0,0,0
SPIC,747116.0,265975.0,4820.0,538173.0,0,0,0
SPICEJET,1552940.0,602656.0,5420.0,1562946.0,0,0,0
SPLIL,19738.0,12749.0,357.0,42959.0,0,0,0
SPLPETRO,27961.0,20531.0,1274.0,67278.0,0,0,0
SPMLINFRA,44563.0,37873.0,317.0,185968.0,0,0,0
SPRL,3200.0,2971.0,1.0,4800.0,0,0,0
SPTL,988811.0,491916.0,1204.0,3624330.0,0,0,0
SREEL,8457.0,6061.0,289.0,32466.0,0,0,0
SREINFRA,158351.0,158351.0,295.0,246611.0,0,0,0
SRF,482319.0,168925.0,35352.0,727462.0,0,0,0
SRHHYPOLTD,11293.0,6498.0,728.0,22738.0,0,0,0
SRPL,108451.0,67189.0,490.0,327264.0,0,0,0
SRTRANSFIN,739491.0,300775.0,23240.0,835963.0,0,0,0
SSINFRA,7222.0,6777.0,2.0,30000.0,0,0,0
SSWL,23100.0,11826.0,2346.0,49692.0,0,0,0
STAMPEDE,135394.0,135394.0,37.0,255088.0,0,0,0
STAR,543078.0,108775.0,10364.0,617908.0,0,0,0
STARCEMENT,41266.0,25307.0,827.0,90213.0,0,0,0
STARHEALTH,234319.0,125660.0,14808.0,3025287.0,0,0,0
STARPAPER,58728.0,20816.0,1944.0,95741.0,0,0,0
STARTECK,13795.0,548.0,143.0,32407.0,0,0,0
STCINDIA,32012.0,13997.0,682.0,48977.0,0,0,0
STEELCAS,3948.0,2551.0,196.0,11005.0,0,0,0
STEELCITY,10095.0,6543.0,177.0,56073.0,0,0,0
STEELXIND,213580.0,97322.0,2097.0,6608971.0,0,0,0
STEL,10208.0,5423.0,361.0,36307.0,0,0,0
STERTOOLS,165404.0,86509.0,3164.0,344698.0,0,0,0
STLTECH,339951.0,128529.0,6015.0,495208.0,0,0,0
STOVEKRAFT,38667.0,17022.0,3908.0,66177.0,0,0,0
STYLAMIND,4829.0,2969.0,539.0,10068.0,0,0,0
SUBCAPCITY,1116.0,1116.0,22.0,8777.0,0,0,0
SUBEXLTD,2786892.0,1219237.0,6960.0,3218456.0,0,0,0
SUBROS,7084.0,3896.0,368.0,308838.0,0,0,0
SUDARSCHEM,48560.0,21090.0,3012.0,633465.0,0,0,0
SUMEETINDS,110258.0,75687.0,304.0,254847.0,0,0,0
SUMICHEM,295867.0,137753.0,13389.0,440703.0,0,0,0
SUMIT,11482.0,4088.0,83.0,15800.0,0,0,0
SUMMITSEC,2773.0,1428.0,236.0,9785.0,0,0,0
SUNCLAYLTD,2645.0,1728.0,935.0,7454.0,0,0,0
SUNDARAM,334714.0,212193.0,410.0,501413.0,0,0,0
SUNDARMFIN,26892.0,13915.0,3953.0,69683.0,0,0,0
SUNDARMHLD,57724.0,39006.0,684.0,105099.0,0,0,0
SUNDRMBRAK,733.0,541.0,74.0,7696.0,0,0,0
SUNDRMFAST,44528.0,25774.0,5267.0,455373.0,0,0,0
SUNFLAG,320925.0,126622.0,4676.0,332153.0,0,0,0
SUNPHARMA,2514721.0,1299885.0,64033.0,3851651.0,0,0,0
SUNTECK,704741.0,152060.0,18499.0,497385.0,0,0,0
SUNTV,538786.0,137163.0,11318.0,1509730.0,0,0,0
SUPERHOUSE,10086.0,5080.0,369.0,41559.0,0,0,0
SUPERSPIN,15034.0,15034.0,77.0,32231.0,0,0,0
SUPRAJIT,136857.0,44737.0,6268.0,165547.0,0,0,0
SUPREMEENG,1741334.0,1466536.0,509.0,7575616.0,0,0,0
SUPREMEIND,30974.0,19549.0,5769.0,166886.0,0,0,0
SUPREMEINF,8693.0,5478.0,79.0,173042.0,0,0,0
SUPRIYA,131861.0,45029.0,4684.0,308328.0,0,0,0
SURANASOL,44933.0,25479.0,554.0,44794.0,0,0,0
SURANAT&P,76496.0,48172.0,380.0,109208.0,0,0,0
SURYALAXMI,6466.0,3652.0,171.0,15612.0,0,0,0
SURYAROSNI,64376.0,29538.0,3578.0,242816.0,0,0,0
SURYODAY,94254.0,45830.0,1729.0,138756.0,0,0,0
SUTLEJTEX,54287.0,28499.0,772.0,59181.0,0,0,0
SUULD,119027.0,75670.0,753.0,232072.0,0,0,0
SUVEN,90778.0,47579.0,945.0,502404.0,0,0,0
SUVENPHAR,131052.0,72409.0,8491.0,237930.0,0,0,0
SUVIDHAA,92687.0,65729.0,333.0,234411.0,0,0,0
SUZLON,43444346.0,17368299.0,26681.0,22769492.0,0,0,0
SVPGLOB,175776.0,97590.0,1210.0,207945.0,0,0,0
SWANENERGY,148720.0,50426.0,3868.0,490761.0,0,0,0
SWARAJ,11440.0,8846.0,5.0,22000.0,0,0,0
SWARAJENG,4564.0,2771.0,861.0,14052.0,0,0,0
SWELECTES,13520.0,7762.0,639.0,12257.0,0,0,0
SWSOLAR,154467.0,74607.0,4419.0,146306.0,0,0,0
SYMPHONY,13520.0,5867.0,1989.0,172591.0,0,0,0
SYNGENE,254375.0,89136.0,6583.0,297676.0,0,0,0
TAINWALCHM,3862.0,2337.0,128.0,8616.0,0,0,0
TAJGVK,60306.0,26502.0,2286.0,296222.0,0,0,0
TAKE,195843.0,105887.0,1385.0,713527.0,0,0,0
TALBROAUTO,14703.0,7099.0,1375.0,99856.0,0,0,0
TANLA,167815.0,63715.0,10705.0,164380.0,0,0,0
TARC,298193.0,170415.0,1908.0,854145.0,0,0,0
TARMAT,4531.0,2974.0,101.0,10985.0,0,0,0
TARSONS,63632.0,29126.0,4533.0,296485.0,0,0,0
TASTYBITE,595.0,421.0,260.0,13524.0,0,0,0
TATACHEM,830960.0,267782.0,23024.0,521845.0,0,0,0
TATACOFFEE,697421.0,163565.0,6307.0,576855.0,0,0,0
TATACOMM,427894.0,179337.0,17765.0,1513084.0,0,0,0
TATACONSUM,1261644.0,482046.0,35599.0,1189493.0,0,0,0
TATAELXSI,350178.0,60751.0,50070.0,187199.0,0,0,0
TATAINVEST,13892.0,6269.0,2199.0,19014.0,0,0,0
TATAMETALI,26392.0,9172.0,2490.0,76053.0,0,0,0
TATAMOTORS,12977156.0,3179715.0,143880.0,6684301.0,0,0,0
TATAMTRDVR,1444844.0,526666.0,16013.0,2044434.0,0,0,0
TATAPOWER,12962435.0,3136699.0,82792.0,10233534.0,0,0,0
TATASTEEL,7180993.0,2351135.0,186215.0,3607296.0,0,0,0
TATASTLLP,16616.0,7909.0,2278.0,35474.0,0,0,0
TATVA,7215.0,4019.0,1578.0,51910.0,0,0,0
TBZ,74237.0,39081.0,1319.0,281015.0,0,0,0
TCI,39352.0,13666.0,3699.0,51356.0,0,0,0
TCIDEVELOP,329.0,295.0,12.0,760.0,0,0,0
TCIEXP,15758.0,7115.0,2589.0,67923.0,0,0,0
TCNSBRANDS,46818.0,16147.0,3533.0,317854.0,0,0,0
TCPLPACK,12930.0,6738.0,1591.0,43904.0,0,0,0
TCS,1998429.0,1234574.0,115126.0,3636712.0,0,0,0
TDPOWERSYS,47903.0,26351.0,2643.0,75790.0,0,0,0
TEAMLEASE,15205.0,8163.0,3130.0,18724.0,0,0,0
TECH,3473.0,3016.0,88.0,16155.0,0,0,0
TECHIN,19938.0,11347.0,82.0,49713.0,0,0,0
TECHM,2473763.0,1223646.0,77607.0,3953698.0,0,0,0
TECHNOE,72474.0,39464.0,3337.0,174445.0,0,0,0
TEGA,50486.0,29682.0,2635.0,349374.0,0,0,0
TEJASNET,255239.0,118789.0,7890.0,656535.0,0,0,0
TEMBO,28354.0,11781.0,201.0,27006.0,0,0,0
TERASOFT,13759.0,7326.0,336.0,120394.0,0,0,0
TEXINFRA,17093.0,12890.0,289.0,265812.0,0,0,0
TEXMOPIPES,76878.0,43320.0,1844.0,125787.0,0,0,0
TEXRAIL,830799.0,330083.0,4381.0,580075.0,0,0,0
TFCILTD,44974.0,26968.0,672.0,101592.0,0,0,0
TFL,9257.0,5176.0,40.0,27010.0,0,0,0
TGBHOTELS,8577.0,5494.0,41.0,13604.0,0,0,0
THANGAMAYL,2357.0,1395.0,305.0,5151.0,0,0,0
THEINVEST,4488.0,2574.0,179.0,7193.0,0,0,0
THEJO,711.0,548.0,3.0,2400.0,0,0,0
THEMISMED,440.0,274.0,66.0,3038.0,0,0,0
THERMAX,44408.0,19876.0,6474.0,315834.0,0,0,0
THOMASCOOK,255678.0,111736.0,2775.0,268707.0,0,0,0
THOMASCOTT,543.0,543.0,11.0,2146.0,0,0,0
THYROCARE,58083.0,22818.0,3690.0,78241.0,0,0,0
TI,170578.0,104447.0,1326.0,385726.0,0,0,0
TIDEWATER,7942.0,4554.0,1606.0,8427.0,0,0,0
TIIL,11624.0,5331.0,1408.0,42013.0,0,0,0
TIINDIA,59840.0,38470.0,7328.0,888955.0,0,0,0
TIJARIA,6824.0,4988.0,29.0,13512.0,0,0,0
TIL,7355.0,4109.0,263.0,28849.0,0,0,0
TIMESCAN,5428.0,4285.0,2.0,10000.0,0,0,0
TIMESGTY,2131.0,1653.0,65.0,26025.0,0,0,0
TIMETECHNO,3499216.0,909628.0,20275.0,1688888.0,0,0,0
TIMKEN,74692.0,33606.0,10655.0,130706.0,0,0,0
TINPLATE,208286.0,67419.0,7998.0,140111.0,0,0,0
TIPSINDLTD,5597.0,3624.0,760.0,24903.0,0,0,0
TIRUMALCHM,332625.0,113501.0,5971.0,739899.0,0,0,0
TIRUPATIFL,29560.0,20035.0,120.0,472912.0,0,0,0
TITAN,1163990.0,551789.0,60631.0,2525867.0,0,0,0
TMRVL,29746.0,17421.0,221.0,37541.0,0,0,0
TNIDETF,2707.0,2265.0,108.0,9600.0,0,0,0
TNPETRO,341520.0,115651.0,5948.0,201837.0,0,0,0
TNPL,146697.0,60880.0,2947.0,229798.0,0,0,0
TNTELE,8928.0,8928.0,52.0,18446.0,0,0,0
TOKYOPLAST,7107.0,3564.0,191.0,9885.0,0,0,0
TORNTPHARM,106518.0,50910.0,11195.0,171261.0,0,0,0
TORNTPOWER,373939.0,105282.0,11804.0,473630.0,0,0,0
TOTAL,13929.0,8893.0,226.0,65433.0,0,0,0
TOUCHWOOD,1756.0,833.0,82.0,81006.0,0,0,0
TPLPLASTEH,8848.0,4916.0,303.0,74247.0,0,0,0
TREEHOUSE,127277.0,92329.0,280.0,624317.0,0,0,0
TREJHARA,16210.0,10802.0,300.0,71259.0,0,0,0
TRENT,572826.0,223960.0,23709.0,856896.0,0,0,0
TRIDENT,4686738.0,2850374.0,34871.0,7221787.0,0,0,0
TRIGYN,78443.0,38125.0,2092.0,72008.0,0,0,0
TRIL,118557.0,66500.0,861.0,299232.0,0,0,0
TRITURBINE,168234.0,58609.0,4562.0,490340.0,0,0,0
TRIVENI,631994.0,155932.0,13533.0,272255.0,0,0,0
TTKHLTCARE,3054.0,1559.0,297.0,25098.0,0,0,0
TTKPRESTIG,36177.0,18068.0,4663.0,249898.0,0,0,0
TTL,14478.0,6495.0,453.0,37001.0,0,0,0
TTML,3452310.0,1330998.0,35720.0,2867510.0,0,0,0
TV18BRDCST,9914800.0,2524197.0,21204.0,5290124.0,0,0,0
TVSELECT,29299.0,14329.0,1291.0,87166.0,0,0,0
TVSMOTOR,1396796.0,547973.0,32331.0,1373760.0,0,0,0
TVSSRICHAK,2445.0,1518.0,455.0,3149.0,0,0,0
TVTODAY,43631.0,17984.0,2179.0,78256.0,0,0,0
TVVISION,4960.0,4960.0,12.0,1388.0,0,0,0
TWL,429495.0,193094.0,3788.0,1132195.0,0,0,0
UBL,206086.0,76436.0,7398.0,466604.0,0,0,0
UCALFUEL,15916.0,8081.0,613.0,59666.0,0,0,0
UCOBANK,879170.0,441920.0,21118.0,1314173.0,0,0,0
UDAICEMENT,111391.0,67310.0,913.0,163725.0,0,0,0
UFLEX,103280.0,37235.0,4604.0,212828.0,0,0,0
UFO,68143.0,34047.0,1328.0,96323.0,0,0,0
UGARSUGAR,213849.0,117288.0,1858.0,205378.0,0,0,0
UGROCAP,35731.0,21991.0,1111.0,55638.0,0,0,0
UJAAS,235448.0,235448.0,567.0,371189.0,0,0,0
UJJIVAN,270634.0,110392.0,4576.0,686402.0,0,0,0
UJJIVANSFB,654995.0,366548.0,2514.0,1506433.0,0,0,0
ULTRACEMCO,382374.0,162237.0,41880.0,461158.0,0,0,0
UMAEXPORTS,176122.0,60484.0,3968.0,110405.0,0,0,0
UMANGDAIRY,6432.0,3917.0,169.0,19046.0,0,0,0
UMESLTD,7700.0,7700.0,22.0,51027.0,0,0,0
UNICHEMLAB,28875.0,16570.0,1209.0,49747.0,0,0,0
UNIDT,9123.0,3480.0,750.0,31617.0,0,0,0
UNIENTER,1567.0,996.0,74.0,6598.0,0,0,0
UNIINFO,1511.0,1445.0,11.0,5143.0,0,0,0
UNIONBANK,5383856.0,2520989.0,11379.0,15298753.0,0,0,0
UNITEDPOLY,15145.0,11448.0,88.0,714798.0,0,0,0
UNITEDTEA,405.0,257.0,43.0,5545.0,0,0,0
UNIVASTU,7478.0,4734.0,137.0,71961.0,0,0,0
UNIVCABLES,10079.0,6817.0,269.0,43950.0,0,0,0
UNIVPHOTO,1443.0,554.0,181.0,3170.0,0,0,0
UPL,1606286.0,621924.0,42103.0,1961422.0,0,0,0
URJA,1837989.0,818156.0,5031.0,1707632.0,0,0,0
USHAMART,325326.0,197267.0,3729.0,863638.0,0,0,0
UTIAMC,57592.0,27232.0,4403.0,107570.0,0,0,0
UTIBANKETF,2615.0,1878.0,74.0,57730.0,0,0,0
UTINEXT50,15133.0,12405.0,217.0,947889.0,0,0,0
UTINIFTETF,1649.0,1177.0,104.0,7176.0,0,0,0
UTISENSETF,1140.0,794.0,93.0,1895.0,0,0,0
UTISXN50,755.0,426.0,43.0,2743.0,0,0,0
UTTAMSTL,215658.0,215658.0,362.0,2746329.0,0,0,0
UTTAMSUGAR,239632.0,60333.0,6744.0,224110.0,0,0,0
V2RETAIL,19142.0,9747.0,249.0,48791.0,0,0,0
VADILALIND,32567.0,11135.0,4917.0,17737.0,0,0,0
VAIBHAVGBL,141683.0,57959.0,8361.0,279597.0,0,0,0
VAISHALI,34171.0,34171.0,193.0,253146.0,0,0,0
VAKRANGEE,2317843.0,1323509.0,6175.0,5593375.0,0,0,0
VALIANTORG,59980.0,27860.0,3724.0,88615.0,0,0,0
VARDHACRLC,28815.0,16992.0,400.0,53734.0,0,0,0
VARDMNPOLY,10550.0,7057.0,152.0,70875.0,0,0,0
VARROC,138819.0,52283.0,6094.0,177557.0,0,0,0
VASCONEQ,195320.0,108844.0,675.0,238379.0,0,0,0
VASWANI,48374.0,32214.0,257.0,468774.0,0,0,0
VBL,859367.0,475760.0,35372.0,1644243.0,0,0,0
VCL,83611.0,83611.0,731.0,687973.0,0,0,0
VEDL,8732614.0,3294286.0,72863.0,15956329.0,0,0,0
VENKEYS,20651.0,5997.0,4256.0,11786.0,0,0,0
VENUSPIPES,54375.0,42115.0,1265.0,274274.0,0,0,0
VENUSREM,41301.0,20193.0,3160.0,77769.0,0,0,0
VERANDA,136997.0,69337.0,2608.0,199571.0,0,0,0
VERTOZ,18710.0,10592.0,475.0,121143.0,0,0,0
VESUVIUS,3434.0,2119.0,430.0,123257.0,0,0,0
VETO,16273.0,10146.0,400.0,36516.0,0,0,0
VGUARD,205774.0,106679.0,5877.0,229326.0,0,0,0
VHL,393.0,246.0,126.0,789.0,0,0,0
VIDHIING,22975.0,13085.0,1279.0,82130.0,0,0,0
VIJAYA,58536.0,27672.0,3827.0,126441.0,0,0,0
VIJIFIN,82656.0,54825.0,340.0,221817.0,0,0,0
VIKASECO,5054262.0,2531412.0,3082.0,6834614.0,0,0,0
VIKASLIFE,5912508.0,5517392.0,4773.0,23295282.0,0,0,0
VIKASPROP,1258108.0,860505.0,2035.0,3328421.0,0,0,0
VIMTALABS,11711.0,7488.0,737.0,79052.0,0,0,0
VINATIORGA,42089.0,14455.0,6350.0,44791.0,0,0,0
VINDHYATEL,5849.0,3460.0,590.0,11617.0,0,0,0
VINEETLAB,11142.0,6106.0,221.0,25857.0,0,0,0
VINYLINDIA,61657.0,29244.0,3604.0,52321.0,0,0,0
VIPCLOTHNG,61183.0,59527.0,245.0,103353.0,0,0,0
VIPIND,212216.0,75660.0,10570.0,221507.0,0,0,0
VIPULLTD,5970.0,5970.0,37.0,510374.0,0,0,0
VISAKAIND,11013.0,7402.0,790.0,21230.0,0,0,0
VISASTEEL,14715.0,14715.0,128.0,62772.0,0,0,0
VISESHINFO,14020994.0,9704593.0,6760.0,19661205.0,0,0,0
VISHAL,93327.0,63115.0,959.0,204649.0,0,0,0
VISHNU,7045.0,7045.0,358.0,18243.0,0,0,0
VISHWARAJ,479510.0,303521.0,2427.0,895592.0,0,0,0
VIVIDHA,971594.0,610745.0,2476.0,1640148.0,0,0,0
VIVIMEDLAB,73638.0,48400.0,499.0,882132.0,0,0,0
VLSFINANCE,13955.0,9021.0,472.0,17267.0,0,0,0
VMARCIND,4444.0,4000.0,1.0,12000.0,0,0,0
VMART,9397.0,3974.0,3475.0,113873.0,0,0,0
VOLTAMP,29193.0,11915.0,5284.0,67894.0,0,0,0
VOLTAS,822096.0,329957.0,29124.0,1029925.0,0,0,0
VRLLOG,237196.0,71032.0,11716.0,317965.0,0,0,0
VSSL,12658.0,7618.0,525.0,23487.0,0,0,0
VSTIND,2621.0,1777.0,553.0,5965.0,0,0,0
VSTTILLERS,3801.0,1882.0,1043.0,7073.0,0,0,0
VTL,413919.0,204695.0,11457.0,576728.0,0,0,0
WABAG,180657.0,71728.0,6368.0,181196.0,0,0,0
WALCHANNAG,53840.0,37849.0,397.0,79163.0,0,0,0
WALPAR,4962.0,4000.0,2.0,10000.0,0,0,0
WANBURY,3583.0,3583.0,42.0,198739.0,0,0,0
WATERBASE,20801.0,11210.0,422.0,53546.0,0,0,0
WEALTH,448.0,306.0,2.0,4474.0,0,0,0
WEBELSOLAR,37510.0,37510.0,723.0,231464.0,0,0,0
WEIZMANIND,5506.0,2554.0,193.0,9034.0,0,0,0
WELCORP,1297937.0,389920.0,16924.0,722135.0,0,0,0
WELENT,467814.0,179730.0,6836.0,463115.0,0,0,0
WELINV,411.0,235.0,47.0,896.0,0,0,0
WELSPUNIND,1984746.0,740448.0,12074.0,1497253.0,0,0,0
WENDT,843.0,520.0,336.0,2527.0,0,0,0
WESTLIFE,33870.0,20413.0,1993.0,224604.0,0,0,0
WEWIN,5142.0,4714.0,1.0,37897.0,0,0,0
WFL,956.0,431.0,63.0,1842.0,0,0,0
WHEELS,10112.0,5263.0,831.0,16977.0,0,0,0
WHIRLPOOL,97635.0,32917.0,9467.0,94027.0,0,0,0
WILLAMAGOR,5653.0,3300.0,64.0,94668.0,0,0,0
WINDLAS,13255.0,7496.0,781.0,21138.0,0,0,0
WINDMACHIN,34400.0,21001.0,316.0,45564.0,0,0,0
WINPRO,245950.0,172280.0,358.0,1119973.0,0,0,0
WIPL,265.0,265.0,3.0,7979.0,0,0,0
WIPRO,6056945.0,2602290.0,106379.0,11009933.0,0,0,0
WOCKPHARMA,324266.0,118630.0,7978.0,1102611.0,0,0,0
WONDERLA,47457.0,23036.0,3788.0,51797.0,0,0,0
WORTH,7820.0,5288.0,182.0,18979.0,0,0,0
WSTCSTPAPR,184728.0,86836.0,5241.0,237016.0,0,0,0
XCHANGING,66278.0,33193.0,1497.0,432812.0,0,0,0
XELPMOC,20761.0,11772.0,1126.0,23147.0,0,0,0
XPROINDIA,10735.0,10735.0,669.0,18894.0,0,0,0
YAARI,83698.0,55709.0,792.0,342671.0,0,0,0
YESBANK,32932689.0,14193089.0,44273.0,29915485.0,0,0,0
YUKEN,1385.0,937.0,104.0,151598.0,0,0,0
ZEEL,5697256.0,1093406.0,37937.0,3621196.0,0,0,0
ZEELEARN,521726.0,291853.0,903.0,1002404.0,0,0,0
ZEEMEDIA,1011680.0,659357.0,2442.0,2967660.0,0,0,0
ZENITHEXPO,218.0,218.0,15.0,723.0,0,0,0
ZENITHSTL,75932.0,75932.0,307.0,1619582.0,0,0,0
ZENSARTECH,314946.0,135984.0,9958.0,363896.0,0,0,0
ZENTEC,95850.0,47595.0,2702.0,76152.0,0,0,0
ZFCVINDIA,7453.0,5358.0,865.0,77158.0,0,0,0
ZODIAC,13163.0,13163.0,375.0,94690.0,0,0,0
ZODIACLOTH,10745.0,6304.0,272.0,38746.0,0,0,0
ZOMATO,40841971.0,6429640.0,102364.0,28886979.0,0,0,0
ZOTA,12614.0,7105.0,454.0,28358.0,0,0,0
ZUARI,176009.0,68196.0,3930.0,254858.0,0,0,0
ZUARIIND,29923.0,15429.0,821.0,30139.0,0,0,0
ZYDUSLIFE,666434.0,194051.0,11593.0,791499.0,0,0,0
ZYDUSWELL,14619.0,7851.0,1907.0,38981.0,0,0,0
ASLIND,4666.0,4666.0,1.0,20000.0,0,0,0
BBTCL,3000.0,2571.0,1.0,12000.0,0,0,0
BEWLTD,1142.0,928.0,3.0,11250.0,0,0,0
DESTINY,24692.0,19615.0,4.0,24000.0,0,0,0
DKEGL,6720.0,6346.0,2.0,9000.0,0,0,0
DUGLOBAL,2375.0,2250.0,2.0,20000.0,0,0,0
EBANK,5.0,3.0,3.0,10.0,0,0,0
GSTL,53000.0,30666.0,9.0,740000.0,0,0,0
JAINAM,5000.0,4083.0,2.0,28000.0,0,0,0
JSLL,7074.0,5857.0,5.0,26000.0,0,0,0
MAHICKRA,5120.0,5017.0,3.0,10500.0,0,0,0
OSIAHYPER,2514.0,1428.0,4.0,18000.0,0,0,0
PKTEA,385.0,385.0,13.0,7076.0,0,0,0
PROPEQUITY,4615.0,3733.0,3.0,15600.0,0,0,0
RUCHI,311140.0,311140.0,7521.0,983624.0,0,0,0
SATHAISPAT,2456.0,2456.0,4.0,15865.0,0,0,0
SECURCRED,13133.0,11097.0,7.0,28980.0,0,0,0
SURANI,8750.0,7920.0,4.0,38000.0,0,0,0
SVLL,2250.0,2250.0,1.0,20000.0,0,0,0
TARACHAND,3307.0,2769.0,1.0,12000.0,0,0,0
UCL,4000.0,3142.0,2.0,6000.0,0,0,0
URAVI,16704.0,15050.0,3.0,13200.0,0,0,0
AILIMITED,6206.0,4777.0,2.0,3000.0,0,0,0
AISL,1885.0,1885.0,1.0,1200.0,0,0,0
BGLOBAL,22369.0,22369.0,33.0,42481.0,0,0,0
BIRLATYRE,408857.0,356354.0,1672.0,83027.0,0,0,0
BLUECHIP,8311.0,8311.0,6.0,8001.0,0,0,0
CONTI,3809.0,3809.0,1.0,9999.0,0,0,0
GANGOTRI,13042.0,13042.0,27.0,16382.0,0,0,0
GISOLUTION,1147.0,1147.0,3.0,2200.0,0,0,0
HINDNATGLS,81829.0,81829.0,240.0,4739.0,0,0,0
HOTELRUGBY,774.0,774.0,3.0,23045.0,0,0,0
KHFM,6200.0,5757.0,2.0,9300.0,0,0,0
NATNLSTEEL,3117.0,3117.0,10.0,20105.0,0,0,0
PDPL,2314.0,2314.0,4.0,33594.0,0,0,0
QUINTEGRA,30245.0,30245.0,64.0,3207.0,0,0,0
RAJRILTD,90.0,90.0,3.0,2073.0,0,0,0
SELMC,182.0,182.0,42.0,90.0,0,0,0
SKIL,142510.0,141788.0,78.0,97506.0,0,0,0
SKSTEXTILE,1714.0,1428.0,1.0,1000.0,0,0,0
SPYL,127862.0,127862.0,37.0,47824.0,0,0,0
SRIRAM,9500.0,7714.0,1.0,6000.0,0,0,0
TRF,10027.0,8080.0,204.0,54426.0,0,0,0
VINNY,3000.0,3000.0,1.0,29700.0,0,0,0
VIVO,2742.0,2514.0,1.0,11200.0,0,0,0
WSI,7083.0,7083.0,9.0,13310.0,0,0,0
AHIMSA,13500.0,4000.0,1.0,18000.0,0,0,0
AURDIS,3428.0,3384.0,1.0,6000.0,0,0,0
FOCE,1846.0,1842.0,2.0,18000.0,0,0,0
GOLDSTAR,20500.0,9428.0,3.0,318000.0,0,0,0
HPIL,7000.0,5520.0,1.0,12000.0,0,0,0
LGHL,13714.0,12615.0,1.0,64000.0,0,0,0
SABTN,1128.0,1128.0,4.0,21116.0,0,0,0
AVG,2208.0,2044.0,1.0,4800.0,0,0,0
OSWALSEEDS,4571.0,4714.0,1.0,20000.0,0,0,0
PAVNAIND,1446.0,1244.0,1.0,1600.0,0,0,0
SOLEX,6320.0,6370.0,3.0,8000.0,0,0,0
EMKAYTOOLS,1022.0,1000.0,1.0,6600.0,0,0,0
BMETRICS,5492.0,3955.0,4.0,4800.0,0,0,0
GIRIRAJ,7615.0,7569.0,1.0,1200.0,0,0,0
RMDRIP,4074.0,4214.0,1.0,10000.0,0,0,0
ZUARIGLOB,48959.0,19365.0,1509.0,149593.0,0,0,0
PARIN,2750.0,2750.0,1.0,4000.0,0,0,0
PERFECT,10080.0,11142.0,1.0,12000.0,0,0,0
SMVD,3692.0,3461.0,1.0,4000.0,0,0,0
PENTAGOLD,4000.0,4000.0,1.0,33000.0,0,0,0
VSCL,4777.0,4555.0,1.0,6000.0,0,0,0
MINDPOOL,5000.0,5000.0,1.0,4000.0,0,0,0
SIDDHIKA,3142.0,2384.0,1.0,2000.0,0,0,0
UWCSL,5714.0,4428.0,1.0,4000.0,0,0,0
EUROTEXIND,322.0,279.0,3.0,1550.0,0,0,0
NARMADA,16500.0,15000.0,1.0,57600.0,0,0,0
BLUECOAST,226.0,226.0,1.0,99.0,0,0,0
JIKIND,95195.0,95195.0,62.0,29365.0,0,0,0
MOHOTAIND,27787.0,27787.0,84.0,16677.0,0,0,0
SHIL,69040.0,40734.0,3381.0,52755.0,0,0,0
CEBBCO,294664.0,142587.0,3340.0,221468.0,0,0,0
DRSDILIP,6870.0,6211.0,1.0,1600.0,0,0,0
PROLIFE,4714.0,4714.0,1.0,3000.0,0,0,0
DCI,12724.0,12700.0,2.0,18000.0,0,0,0
GRETEX,6857.0,6857.0,1.0,,0,0,0
ABINFRA,6285.0,5000.0,1.0,,0,0,0
TRANSWIND,4571.0,4571.0,1.0,,0,0,0
DRL,8769.0,8538.0,1.0,,0,0,0
ESSEN-RE,9132897.0,9132897.0,638.0,,0,0,0
MOTHERSUMI,8057900.0,2726541.0,51840.0,,0,0,0
SHIVAUM,12576.0,12115.0,2.0,,0,0,0
MUKANDENGG,7114.0,7114.0,17.0,,0,0,0
OMFURN,8000.0,8000.0,1.0,,0,0,0
SPECTRUM,2000.0,2000.0,1.0,,0,0,0
DYNPRO-RE,18120.0,18120.0,352.0,,0,0,0
GALLISPAT,125856.0,57717.0,1520.0,,0,0,0
JALAN,12428.0,11357.0,3.0,,0,0,0
PULZ,9692.0,9629.0,2.0,,0,0,0
MPTODAY,2857.0,2285.0,1.0,,0,0,0
KKVAPOW,309.0,309.0,1.0,,0,0,0
TIRUPATI,5888.0,4714.0,1.0,,0,0,0
JETKNIT,6060.0,5711.0,3.0,,0,0,0
AMJUMBO,9142.0,9142.0,1.0,,0,0,0
INNOVATIVE,53884.0,49961.0,15.0,,0,0,0
MILTON,10057.0,9428.0,2.0,,0,0,0
CMMIPL,5884.0,5769.0,1.0,,0,0,0
MANAV,6857.0,6285.0,1.0,,0,0,0
VERA,4565.0,4500.0,1.0,,0,0,0
HSIL,181215.0,88773.0,4533.0,,0,0,0
NCPSESDL24,2246.0,2128.0,13.0,,0,0,0
NETFAUTO,16021.0,12750.0,236.0,,0,0,0
NETFCONSUM,13781.0,9149.0,184.0,,0,0,0
NETFDIVOPP,6651.0,4431.0,162.0,,0,0,0
NETFGILT5Y,21513.0,16375.0,165.0,,0,0,0
NETFIT,1386185.0,676576.0,3892.0,,0,0,0
NETFLTGILT,22336.0,19482.0,123.0,,0,0,0
NETFMID150,119268.0,76012.0,2101.0,,0,0,0
NETFNIF100,4176.0,2850.0,146.0,,0,0,0
NETFNV20,5997.0,4518.0,132.0,,0,0,0
NETFPHARMA,219842.0,157471.0,949.0,,0,0,0
NETFSDL26,19537.0,19374.0,28.0,,0,0,0
NETFSILVER,689811.0,550919.0,1079.0,,0,0,0
ASIAN-RE1,981766.0,981766.0,2901.0,,0,0,0
AURUM-RE,739019.0,739019.0,4083.0,,0,0,0
ATNINTER,16629.0,16629.0,14.0,,0,0,0
MDL,2571.0,2571.0,1.0,,0,0,0
BCIL-RE,3348.0,3348.0,52.0,,0,0,0
NGIL-RE,4304.0,4304.0,117.0,,0,0,0
KPIGLOBAL,66270.0,37124.0,3374.0,,0,0,0
S&SPOWER,395.0,395.0,9.0,,0,0,0
VIKASWSP,470336.0,470336.0,596.0,,0,0,0
PAEL,15726.0,15726.0,28.0,,0,0,0
TARAPUR,10132.0,10132.0,51.0,,0,0,0
TCIFINANCE,4273.0,4273.0,26.0,,0,0,0
JAKHARIA,12160.0,8766.0,3.0,,0,0,0
ROHITFERRO,55960.0,55960.0,343.0,,0,0,0
SUPPETRO,64539.0,27687.0,6546.0,,0,0,0
DALALSTCOM,5580.0,5580.0,7.0,,0,0,0
BRFL,291038.0,196375.0,639.0,,0,0,0
AGCNET,2280.0,1977.0,83.0,,0,0,0
AHLWEST,1164.0,805.0,120.0,,0,0,0
ANGELBRKG,522340.0,170038.0,33965.0,,0,0,0
ARIHANT,10525.0,8914.0,75.0,,0,0,0
BKMINDST,83899.0,83899.0,157.0,,0,0,0
BURGERKING,1126432.0,569200.0,17612.0,,0,0,0
CADILAHC,2000972.0,675669.0,34061.0,,0,0,0
DOLAT,183792.0,93798.0,3475.0,,0,0,0
DSML,59076.0,39250.0,7.0,,0,0,0
EQ30,401.0,289.0,136.0,,0,0,0
GDL,114277.0,79322.0,2799.0,,0,0,0
JMTAUTOLTD,474228.0,335848.0,574.0,,0,0,0
JUMPNET,1020209.0,685353.0,777.0,,0,0,0
KARDA,696696.0,576628.0,2446.0,,0,0,0
LINCPEN,8123.0,4319.0,420.0,,0,0,0
MAJESCO,169353.0,97183.0,3448.0,,0,0,0
MCDHOLDING,23913.0,23913.0,455.0,,0,0,0
NIFTYEES,3.0,2.0,2.0,,0,0,0
NTL,72745.0,54504.0,136.0,,0,0,0
OPTOCIRCUI,248748.0,248748.0,282.0,,0,0,0
PATSPINLTD,6868.0,5459.0,57.0,,0,0,0
PDSMFL,7611.0,5642.0,895.0,,0,0,0
PHILIPCARB,572707.0,257221.0,9307.0,,0,0,0
PROINDIA,7525.0,7525.0,200.0,,0,0,0
SHRIRAMEPC,1261442.0,782048.0,1691.0,,0,0,0
SINTEX,5881835.0,3280218.0,6800.0,,0,0,0
SRIPIPES,48658.0,27385.0,1275.0,,0,0,0
TATASTLBSL,1403389.0,1403389.0,11769.0,,0,0,0
WABCOINDIA,3959.0,2380.0,1060.0,,0,0,0
YAARII,71386.0,50870.0,885.0,,0,0,0
ZODJRDMKJ,1219.0,909.0,68.0,,0,0,0
DUDIGITAL,3142.0,2928.0,2.0,,0,0,0
INTEGRA,5297.0,5297.0,8.0,,0,0,0
JINDCOT,51405.0,51405.0,100.0,,0,0,0
SDBL-RE,94305.0,94305.0,566.0,,0,0,0
WOCKH-RE,438585.0,438585.0,9416.0,,0,0,0
KALYANI,70.0,70.0,1.0,,0,0,0
SHIVAM-RE,107777.0,107777.0,926.0,,0,0,0
BOHRA,7500.0,7500.0,3.0,,0,0,0
MANGTIMBER,3313.0,1999.0,40.0,,0,0,0
GTNTEX,4982.0,4982.0,28.0,,0,0,0
BEARD-RE,123805.0,123805.0,449.0,,0,0,0
VECO-RE1,10959350.0,10959350.0,3642.0,,0,0,0
BGEAR-RE,28428.0,28428.0,743.0,,0,0,0
IHCL-RE,911499.0,911499.0,9878.0,,0,0,0
NXTDIG-RE,12404.0,12404.0,221.0,,0,0,0
VASA,5500.0,5500.0,1.0,,0,0,0
VLIFE-RE1,8469858.0,8469858.0,9446.0,,0,0,0
PATINT-RE1,447308.0,447308.0,628.0,,0,0,0
TRAIL-RE,309286.0,309286.0,1100.0,,0,0,0
RAJVIR,125.0,125.0,4.0,,0,0,0
AIRTEL-RE,4663026.0,4663026.0,28016.0,,0,0,0
PRADIP,6173.0,6173.0,8.0,,0,0,0
RPP-RE,111427.0,111427.0,613.0,,0,0,0
KIL-RE,1889363.0,1889363.0,5325.0,,0,0,0
ASIAN-RE,682567.0,682567.0,3249.0,,0,0,0
PRAXIS-RE,177959.0,177959.0,803.0,,0,0,0
BASML-RE,78567.0,78567.0,446.0,,0,0,0
EBIXFOREX,3112.0,1726.0,367.0,,0,0,0
3IINFOTECH,5806209.0,5806209.0,7906.0,,0,0,0
GAMMNINFRA,2241006.0,2054144.0,1314.0,,0,0,0
JIYAECO,48172.0,48172.0,156.0,,0,0,0
NANDANI,19423.0,16296.0,3.0,,0,0,0
MAGMA,317888.0,317888.0,2776.0,,0,0,0
MEGA-RE,558958.0,558958.0,749.0,,0,0,0
ABMINTLTD,2502.0,1440.0,66.0,,0,0,0
CASTEXTECH,240274.0,240274.0,135.0,,0,0,0
ORIENTREF,149692.0,77352.0,5341.0,,0,0,0
SICAGEN,30203.0,29991.0,124.0,,0,0,0
BSELINFRA,169815.0,82011.0,115.0,,0,0,0
HUSYSLTD,2285.0,2285.0,1.0,,0,0,0
RMCL,84139.0,84139.0,94.0,,0,0,0
VICEROY,69033.0,69033.0,112.0,,0,0,0
VECO-RE,15652494.0,15652494.0,3340.0,,0,0,0
MIC,175136.0,179533.0,83.0,,0,0,0
G5,4795.0,4427.0,17.0,,0,0,0
M100,94403.0,64656.0,1725.0,,0,0,0
M50,1447.0,1231.0,57.0,,0,0,0
N100,62492.0,43073.0,3566.0,,0,0,0
DHFL,1057084.0,575986.0,2596.0,,0,0,0
VLIFE-RE,11529806.0,11529806.0,8533.0,,0,0,0
GBGLOBAL,1490.0,1307.0,16.0,,0,0,0
SFHL-RE,251185.0,251185.0,738.0,,0,0,0
ADHUNIKIND,63535.0,35637.0,436.0,,0,0,0
MEGH,3878573.0,1208954.0,26809.0,,0,0,0
VIKASMCORP,3710128.0,2114123.0,2992.0,,0,0,0
KDDL-RE,37610.0,37610.0,1169.0,,0,0,0
SANGHVIFOR,3734.0,3734.0,18.0,,0,0,0
METALFORGE,11337.0,11337.0,43.0,,0,0,0
PRABHAT,502461.0,336607.0,2057.0,,0,0,0
CURATECH,168.0,168.0,1.0,,0,0,0
HARITASEAT,13276.0,6149.0,569.0,,0,0,0
NORBTEAEXP,2576.0,2316.0,21.0,,0,0,0
RTNINFRA,358893.0,257185.0,597.0,,0,0,0
CNOVAPETRO,1381.0,1381.0,7.0,,0,0,0
AFL-RE,202083.0,202083.0,2747.0,,0,0,0
GLOBOFFS,25154.0,20415.0,64.0,,0,0,0
GTNIND,2541.0,2368.0,18.0,,0,0,0
PATINT-RE,217593.0,217593.0,1312.0,,0,0,0
KWALITY,690503.0,482954.0,574.0,,0,0,0
JUBILANT,398230.0,219339.0,12614.0,,0,0,0
L&TFH-RE,4897085.0,4897085.0,19451.0,,0,0,0
OMMETALS,130864.0,76455.0,493.0,,0,0,0
URJA-RE,1441678.0,1441678.0,8051.0,,0,0,0
SUJANAUNI,508973.0,508973.0,291.0,,0,0,0
PROSEED,162159.0,162159.0,188.0,,0,0,0
CESCVENT,44768.0,23718.0,1949.0,,0,0,0
GARDENSILK,66365.0,64884.0,175.0,,0,0,0
AUTOLITIND,14940.0,10240.0,198.0,,0,0,0
CKPLEISURE,7333.0,5500.0,1.0,,0,0,0
RNAVAL,2630491.0,1709073.0,2137.0,,0,0,0
8KMILES,38664.0,38664.0,355.0,,0,0,0
ADANIGAS,1176398.0,786665.0,15564.0,,0,0,0
BABAFOOD,2000.0,2000.0,1.0,,0,0,0
ORTINLABSS,151946.0,130697.0,941.0,,0,0,0
CREATIVEYE,78891.0,55031.0,176.0,,0,0,0
DQE,47200.0,45520.0,53.0,,0,0,0
